{
	"textures": {
		"particle": "#redstone_wire"
	},
	"elements": [
		{
			"from": [7, 0, 7],
			"to": [9, 2, 9],
			"faces": {
				"up": {
					"uv": [7, 7, 9, 9],
					"texture": "#redstone_wire"
				},
				"north": {
					"uv": [7, 7, 9, 9],
					"texture": "#redstone_wire"
				},
				"south": {
					"uv": [7, 7, 9, 9],
					"texture": "#redstone_wire"
				},
				"west": {
					"uv": [7, 7, 9, 9],
					"texture": "#redstone_wire"
				},
				"east": {
					"uv": [7, 7, 9, 9],
					"texture": "#redstone_wire"
				}
			}
		}
	]
}
