{
	"variants": {
		"power=0": {
			"model": "redstone_wire_power_0"
		},
		"power=1": {
			"model": "redstone_wire_power_1"
		},
		"power=2": {
			"model": "redstone_wire_power_2"
		},
		"power=3": {
			"model": "redstone_wire_power_3"
		},
		"power=4": {
			"model": "redstone_wire_power_4"
		},
		"power=5": {
			"model": "redstone_wire_power_5"
		},
		"power=6": {
			"model": "redstone_wire_power_6"
		},
		"power=7": {
			"model": "redstone_wire_power_7"
		},
		"power=8": {
			"model": "redstone_wire_power_8"
		},
		"power=9": {
			"model": "redstone_wire_power_9"
		},
		"power=10": {
			"model": "redstone_wire_power_10"
		},
		"power=11": {
			"model": "redstone_wire_power_11"
		},
		"power=12": {
			"model": "redstone_wire_power_12"
		},
		"power=13": {
			"model": "redstone_wire_power_13"
		},
		"power=14": {
			"model": "redstone_wire_power_14"
		},
		"power=15": {
			"model": "redstone_wire_power_15"
		}
	}
}
