{
"__comment":"Made by Know2Good, part of the 'Default 3D™' resource pack || Official download page: http://www.planetminecraft.com/texture_pack/default-3d-2985741/ || © Know2Good. All rights reserved. ",
    "variants": {
            "half=bottom":[ { "model": "cobblestone_slab_lower", "weight": 40 },
								{ "model": "cobblestone_slab_lower_depth_1", "weight": 40 },
								{ "model": "cobblestone_slab_lower_depth_2", "weight": 40 }],
			"half=top":[ { "model": "cobblestone_slab_upper", "weight": 40 },
								{ "model": "cobblestone_slab_upper_depth_1", "weight": 40 },
								{ "model": "cobblestone_slab_upper_depth_2", "weight": 40 }]
    }
}

