{
"__comment":"Made by Know2Good, part of the 'Default 3D™' resource pack || Official download page: http://www.planetminecraft.com/texture_pack/default-3d-2985741/ || © Know2Good. All rights reserved. ",
    "variants": {
        "facing=east,half=bottom,shape=straight":  { "model": "dark_oak_stairs_nd" },
        "facing=south,half=bottom,shape=straight": { "model": "dark_oak_stairs_ed" },
        "facing=west,half=bottom,shape=straight":  { "model": "dark_oak_stairs_sd" },
        "facing=north,half=bottom,shape=straight": { "model": "dark_oak_stairs_wd" },
        "facing=east,half=bottom,shape=outer_right":  { "model": "dark_oak_outer_stairs_nd" },
        "facing=south,half=bottom,shape=outer_right": { "model": "dark_oak_outer_stairs_ed" },
        "facing=west,half=bottom,shape=outer_right":  { "model": "dark_oak_outer_stairs_sd" },
        "facing=north,half=bottom,shape=outer_right": { "model": "dark_oak_outer_stairs_wd" },
        "facing=east,half=bottom,shape=outer_left":  { "model": "dark_oak_outer_stairs_wd" },
        "facing=south,half=bottom,shape=outer_left": { "model": "dark_oak_outer_stairs_nd" },
        "facing=west,half=bottom,shape=outer_left":  { "model": "dark_oak_outer_stairs_ed" },
        "facing=north,half=bottom,shape=outer_left": { "model": "dark_oak_outer_stairs_sd" },
        "facing=east,half=bottom,shape=inner_right":  { "model": "dark_oak_inner_stairs_sd" },
        "facing=south,half=bottom,shape=inner_right": { "model": "dark_oak_inner_stairs_wd" },
        "facing=west,half=bottom,shape=inner_right":  { "model": "dark_oak_inner_stairs_nd" },
        "facing=north,half=bottom,shape=inner_right": { "model": "dark_oak_inner_stairs_ed" },
        "facing=east,half=bottom,shape=inner_left":  { "model": "dark_oak_inner_stairs_ed" },
        "facing=south,half=bottom,shape=inner_left": { "model": "dark_oak_inner_stairs_sd" },
        "facing=west,half=bottom,shape=inner_left":  { "model": "dark_oak_inner_stairs_wd" },
        "facing=north,half=bottom,shape=inner_left": { "model": "dark_oak_inner_stairs_nd" },
        "facing=east,half=top,shape=straight":  { "model": "dark_oak_stairs_nu" },
        "facing=south,half=top,shape=straight": { "model": "dark_oak_stairs_eu" },
        "facing=west,half=top,shape=straight":  { "model": "dark_oak_stairs_su" },
        "facing=north,half=top,shape=straight": { "model": "dark_oak_stairs_wu" },
        "facing=east,half=top,shape=outer_right":  { "model": "dark_oak_outer_stairs_nu" },
        "facing=south,half=top,shape=outer_right": { "model": "dark_oak_outer_stairs_eu" },
        "facing=west,half=top,shape=outer_right":  { "model": "dark_oak_outer_stairs_su" },
        "facing=north,half=top,shape=outer_right": { "model": "dark_oak_outer_stairs_wu" },
        "facing=east,half=top,shape=outer_left":  { "model": "dark_oak_outer_stairs_wu" },
        "facing=south,half=top,shape=outer_left": { "model": "dark_oak_outer_stairs_nu" },
        "facing=west,half=top,shape=outer_left":  { "model": "dark_oak_outer_stairs_eu" },
        "facing=north,half=top,shape=outer_left": { "model": "dark_oak_outer_stairs_su" },
        "facing=east,half=top,shape=inner_right":  { "model": "dark_oak_inner_stairs_eu" },
        "facing=south,half=top,shape=inner_right": { "model": "dark_oak_inner_stairs_su" },
        "facing=west,half=top,shape=inner_right":  { "model": "dark_oak_inner_stairs_wu" },
        "facing=north,half=top,shape=inner_right": { "model": "dark_oak_inner_stairs_nu" },
        "facing=east,half=top,shape=inner_left":  { "model": "dark_oak_inner_stairs_nu" },
        "facing=south,half=top,shape=inner_left": { "model": "dark_oak_inner_stairs_eu" },
        "facing=west,half=top,shape=inner_left":  { "model": "dark_oak_inner_stairs_su" },
        "facing=north,half=top,shape=inner_left": { "model": "dark_oak_inner_stairs_wu" }
    }
}
