{
"__comment":"Made by Know2Good, part of the 'Default 3D™' resource pack || Official download page: http://www.planetminecraft.com/texture_pack/default-3d-2985741/ || © Know2Good. All rights reserved. ",
    "variants": {
        "snowy=false": [
            { "model": "grass_normal", "weight": 600 },
            { "model": "grass_normal", "y": 90, "weight": 600 },
            { "model": "grass_normal", "y": 180, "weight": 600 },
			{ "model": "grass_normal", "y": 270, "weight": 600 },
			
			{ "model": "grass_normal_alt1", "weight": 600 },
            { "model": "grass_normal_alt1", "y": 90, "weight": 600 },
            { "model": "grass_normal_alt1", "y": 180, "weight": 600 },
			{ "model": "grass_normal_alt1", "y": 270, "weight": 600 },
			
			{ "model": "grass_normal_alt2", "weight": 600 },
            { "model": "grass_normal_alt2", "y": 90, "weight": 600 },
            { "model": "grass_normal_alt2", "y": 180, "weight": 600 },
			{ "model": "grass_normal_alt2", "y": 270, "weight": 600 },
			
			{ "model": "grass_normal_alt3", "weight": 600 },
            { "model": "grass_normal_alt3", "y": 90, "weight": 600 },
            { "model": "grass_normal_alt3", "y": 180, "weight": 600 },
			{ "model": "grass_normal_alt3", "y": 270, "weight": 600 },
			
			{ "model": "grass_normal_alt4", "weight": 600 },
            { "model": "grass_normal_alt4", "y": 90, "weight": 600 },
            { "model": "grass_normal_alt4", "y": 180, "weight": 600 },
			{ "model": "grass_normal_alt4", "y": 270, "weight": 600 },
			
			{ "model": "grass_normal_alt5", "weight": 600 },
            { "model": "grass_normal_alt5", "y": 90, "weight": 600 },
            { "model": "grass_normal_alt5", "y": 180, "weight": 600 },
			{ "model": "grass_normal_alt5", "y": 270, "weight": 600 },
			
			{ "model": "grass_normal_pebble", "weight": 6 },
            { "model": "grass_normal_pebble", "y": 90, "weight": 6 },
            { "model": "grass_normal_pebble", "y": 180, "weight": 6 },
			{ "model": "grass_normal_pebble", "y": 270, "weight": 6 },
			
			{ "model": "grass_normal_pebble_alt1", "weight": 6 },
            { "model": "grass_normal_pebble_alt1", "y": 90, "weight": 6 },
            { "model": "grass_normal_pebble_alt1", "y": 180, "weight": 6 },
			{ "model": "grass_normal_pebble_alt1", "y": 270, "weight": 6 },
			
			{ "model": "grass_normal_pebble_alt2", "weight": 6 },
            { "model": "grass_normal_pebble_alt2", "y": 90, "weight": 6 },
            { "model": "grass_normal_pebble_alt2", "y": 180, "weight": 6 },
			{ "model": "grass_normal_pebble_alt2", "y": 270, "weight": 6 },
			
			{ "model": "grass_normal_pebble_alt3", "weight": 6 },
            { "model": "grass_normal_pebble_alt3", "y": 90, "weight": 6 },
            { "model": "grass_normal_pebble_alt3", "y": 180, "weight": 6 },
			{ "model": "grass_normal_pebble_alt3", "y": 270, "weight": 6 },
			
			{ "model": "grass_normal_pebble_alt4", "weight": 6 },
            { "model": "grass_normal_pebble_alt4", "y": 90, "weight": 6 },
            { "model": "grass_normal_pebble_alt4", "y": 180, "weight": 6 },
			{ "model": "grass_normal_pebble_alt4", "y": 270, "weight": 6 },
			
			{ "model": "grass_normal_pebble_alt5", "weight": 6 },
            { "model": "grass_normal_pebble_alt5", "y": 90, "weight": 6 },
            { "model": "grass_normal_pebble_alt5", "y": 180, "weight": 6 },
			{ "model": "grass_normal_pebble_alt5", "y": 270, "weight": 6 },
			
			{ "model": "grass_normal_pebble_alt6", "weight": 6 },
            { "model": "grass_normal_pebble_alt6", "y": 90, "weight": 6 },
            { "model": "grass_normal_pebble_alt6", "y": 180, "weight": 6 },
			{ "model": "grass_normal_pebble_alt6", "y": 270, "weight": 6 }
        ],
        "snowy=true": [
            { "model": "grass_snowed", "weight": 600 },
            { "model": "grass_snowed", "y": 90, "weight": 600 },
            { "model": "grass_snowed", "y": 180, "weight": 600 },
			{ "model": "grass_snowed", "y": 270, "weight": 600 },
			
			{ "model": "grass_snowed_alt1", "weight": 600 },
            { "model": "grass_snowed_alt1", "y": 90, "weight": 600 },
            { "model": "grass_snowed_alt1", "y": 180, "weight": 600 },
			{ "model": "grass_snowed_alt1", "y": 270, "weight": 600 },
			
			{ "model": "grass_snowed_alt2", "weight": 600 },
            { "model": "grass_snowed_alt2", "y": 90, "weight": 600 },
            { "model": "grass_snowed_alt2", "y": 180, "weight": 600 },
			{ "model": "grass_snowed_alt2", "y": 270, "weight": 600 },
			
			{ "model": "grass_snowed_alt3", "weight": 600 },
            { "model": "grass_snowed_alt3", "y": 90, "weight": 600 },
            { "model": "grass_snowed_alt3", "y": 180, "weight": 600 },
			{ "model": "grass_snowed_alt3", "y": 270, "weight": 600 },
			
			{ "model": "grass_snowed_alt4", "weight": 600 },
            { "model": "grass_snowed_alt4", "y": 90, "weight": 600 },
            { "model": "grass_snowed_alt4", "y": 180, "weight": 600 },
			{ "model": "grass_snowed_alt4", "y": 270, "weight": 600 },
			
			{ "model": "grass_snowed_alt5", "weight": 600 },
            { "model": "grass_snowed_alt5", "y": 90, "weight": 600 },
            { "model": "grass_snowed_alt5", "y": 180, "weight": 600 },
			{ "model": "grass_snowed_alt5", "y": 270, "weight": 600 }
        ]
    }
}
