{
"__comment":"Made by Know2Good, part of the 'Default 3D™' resource pack || Official download page: http://www.planetminecraft.com/texture_pack/default-3d-2985741/ || © Know2Good. All rights reserved. ",
    "variants": {
        "axis=y":  		[{ "model": "oak_log", "weight": 20 },
							{ "model": "oak_log", "x": 180, "weight": 20 },
							{ "model": "oak_log", "y": 90, "weight": 20 },
							{ "model": "oak_log", "y": 90, "x": 180, "weight": 20 },
							{ "model": "oak_log_alt1", "weight": 20 },
							{ "model": "oak_log_alt1", "x": 180, "weight": 20 },
							{ "model": "oak_log_alt1", "y": 90, "weight": 20 },
							{ "model": "oak_log_alt1", "y": 90, "x": 180, "weight": 20 },
							{ "model": "oak_log_alt2", "weight": 20 },
							{ "model": "oak_log_alt2", "x": 180, "weight": 20 },
							{ "model": "oak_log_alt2", "y": 90, "weight": 20 },
							{ "model": "oak_log_alt2", "y": 90, "x": 180, "weight": 20 },
							{ "model": "oak_log_alt3", "weight": 20 },
							{ "model": "oak_log_alt3", "x": 180, "weight": 20 },
							{ "model": "oak_log_alt3", "y": 90, "weight": 20 },
							{ "model": "oak_log_alt3", "y": 90, "x": 180, "weight": 20 },
							{ "model": "oak_log_alt4", "weight": 20 },
							{ "model": "oak_log_alt4", "x": 180, "weight": 20 },
							{ "model": "oak_log_alt4", "y": 90, "weight": 20 },
							{ "model": "oak_log_alt4", "y": 90, "x": 180, "weight": 20 },
							{ "model": "oak_log_alt5", "weight": 20 },
							{ "model": "oak_log_alt5", "x": 180, "weight": 20 },
							{ "model": "oak_log_alt5", "y": 90, "weight": 20 },
							{ "model": "oak_log_alt5", "y": 90, "x": 180, "weight": 20 }],
        "axis=z":   	[{ "model": "oak_log_side", "weight": 20 },
							{ "model": "oak_log_side", "x": 180, "weight": 20 },
							{ "model": "oak_log_side_alt1", "weight": 20 },
							{ "model": "oak_log_side_alt1", "x": 180, "weight": 20 },
							{ "model": "oak_log_side_alt2", "weight": 20 },
							{ "model": "oak_log_side_alt2", "x": 180, "weight": 20 },
							{ "model": "oak_log_side_alt3", "weight": 20 },
							{ "model": "oak_log_side_alt3", "x": 180, "weight": 20 },
							{ "model": "oak_log_side_alt4", "weight": 20 },
							{ "model": "oak_log_side_alt4", "x": 180, "weight": 20 },
							{ "model": "oak_log_side_alt5", "weight": 20 },
							{ "model": "oak_log_side_alt5", "x": 180, "weight": 20 }],
        "axis=x":   	[{ "model": "oak_log_side", "y": 90, "weight": 20 },
							{ "model": "oak_log_side", "y": 270, "weight": 20 },
							{ "model": "oak_log_side_alt1", "y": 90, "weight": 20 },
							{ "model": "oak_log_side_alt1", "y": 270, "weight": 20 },
							{ "model": "oak_log_side_alt2", "y": 90, "weight": 20 },
							{ "model": "oak_log_side_alt2", "y": 270, "weight": 20 },
							{ "model": "oak_log_side_alt3", "y": 90, "weight": 20 },
							{ "model": "oak_log_side_alt3", "y": 270, "weight": 20 },
							{ "model": "oak_log_side_alt4", "y": 90, "weight": 20 },
							{ "model": "oak_log_side_alt4", "y": 270, "weight": 20 },
							{ "model": "oak_log_side_alt5", "y": 90, "weight": 20 },
							{ "model": "oak_log_side_alt5", "y": 270, "weight": 20 }],
        "axis=none": 	[{ "model": "oak_bark" }]
    }
}
