{
"__comment":"Made by Know2Good, part of the 'Default 3D™' resource pack || Official download page: http://www.planetminecraft.com/texture_pack/default-3d-2985741/ || © Know2Good. All rights reserved. ",
    "variants": {
        "normal": [
            { "model": "red_sand", "weight": 758 },
            { "model": "red_sand", "y": 90, "weight": 797 },
            { "model": "red_sand", "y": 180, "weight": 771 },
			{ "model": "red_sand", "y": 270, "weight": 784 },
			{ "model": "red_sand_pebble_1", "weight": 1 },
			{ "model": "red_sand_pebble_1", "y": 90, "weight": 1 },
			{ "model": "red_sand_pebble_1", "y": 180,"weight": 1 },
			{ "model": "red_sand_pebble_1", "y": 270,"weight": 1 },
			{ "model": "red_sand_pebble_2", "weight": 1 },
			{ "model": "red_sand_pebble_2", "y": 90, "weight": 1 },
			{ "model": "red_sand_pebble_2", "y": 180,"weight": 1 },
			{ "model": "red_sand_pebble_2", "y": 270,"weight": 1 },
			{ "model": "red_sand_pebble_3", "weight": 1 },
			{ "model": "red_sand_pebble_3", "y": 90, "weight": 1 },
			{ "model": "red_sand_pebble_3", "y": 180,"weight": 1 },
			{ "model": "red_sand_pebble_3", "y": 270,"weight": 1 },
			{ "model": "red_sand_pebble_4", "weight": 1 },
			{ "model": "red_sand_pebble_4", "y": 90, "weight": 1 },
			{ "model": "red_sand_pebble_4", "y": 180,"weight": 1 },
			{ "model": "red_sand_pebble_4", "y": 270,"weight": 1 },
			{ "model": "red_sand_clay_1", "weight": 1 },
			{ "model": "red_sand_clay_1", "y": 90, "weight": 1 },
			{ "model": "red_sand_clay_1", "y": 180,"weight": 1 },
			{ "model": "red_sand_clay_1", "y": 270,"weight": 1 },
			{ "model": "red_sand_clay_2", "weight": 1 },
			{ "model": "red_sand_clay_2", "y": 90, "weight": 1 },
			{ "model": "red_sand_clay_2", "y": 180,"weight": 1 },
			{ "model": "red_sand_clay_2", "y": 270,"weight": 1 },
			{ "model": "red_sand_clay_3", "weight": 1 },
			{ "model": "red_sand_clay_3", "y": 90, "weight": 1 },
			{ "model": "red_sand_clay_3", "y": 180,"weight": 1 },
			{ "model": "red_sand_clay_3", "y": 270,"weight": 1 },
			{ "model": "red_sand_clay_4", "weight": 1 },
			{ "model": "red_sand_clay_4", "y": 90, "weight": 1 },
			{ "model": "red_sand_clay_4", "y": 180,"weight": 1 },
			{ "model": "red_sand_clay_4", "y": 270,"weight": 1 },
			{ "model": "red_sand_clay_5", "weight": 1 },
			{ "model": "red_sand_clay_5", "y": 90, "weight": 1 },
			{ "model": "red_sand_clay_5", "y": 180,"weight": 1 },
			{ "model": "red_sand_clay_5", "y": 270,"weight": 1 }
        ]
    }
}

