{
"__comment":"Made by Know2Good, part of the 'Default 3D™' resource pack || Official download page: http://www.planetminecraft.com/texture_pack/default-3d-2985741/ || © Know2Good. All rights reserved. ",
    "variants": {
        "normal": [
            { "model": "sand", "weight": 590 },
            { "model": "sand", "y": 90, "weight": 620 },
            { "model": "sand", "y": 180, "weight": 600 },
			{ "model": "sand", "y": 270, "weight": 610 },
			
			{ "model": "sand_alt1", "weight": 590 },
            { "model": "sand_alt1", "y": 90, "weight": 620 },
            { "model": "sand_alt1", "y": 180, "weight": 600 },
			{ "model": "sand_alt1", "y": 270, "weight": 610 },
			
			{ "model": "sand_alt2", "weight": 590 },
            { "model": "sand_alt2", "y": 90, "weight": 620 },
            { "model": "sand_alt2", "y": 180, "weight": 600 },
			{ "model": "sand_alt2", "y": 270, "weight": 610 },
			
			{ "model": "sand_alt3", "weight": 590 },
            { "model": "sand_alt3", "y": 90, "weight": 620 },
            { "model": "sand_alt3", "y": 180, "weight": 600 },
			{ "model": "sand_alt3", "y": 270, "weight": 610 },
			
			{ "model": "sand_alt4", "weight": 590 },
            { "model": "sand_alt4", "y": 90, "weight": 620 },
            { "model": "sand_alt4", "y": 180, "weight": 600 },
			{ "model": "sand_alt4", "y": 270, "weight": 610 },
			
			{ "model": "sand_alt5", "weight": 590 },
            { "model": "sand_alt5", "y": 90, "weight": 620 },
            { "model": "sand_alt5", "y": 180, "weight": 600 },
			{ "model": "sand_alt5", "y": 270, "weight": 610 }
        ]
    }
}

