{
"__comment":"Made by Know2Good, part of the 'Default 3D™' resource pack || Official download page: http://www.planetminecraft.com/texture_pack/default-3d-2985741/ || © Know2Good. All rights reserved. ",
    "variants": {
		"facing=north,half=bottom,shape=straight":[ { "model": "cobblestone_stairs_n", "weight": 40 },
													{ "model": "cobblestone_stairs_n_depth_1", "weight": 40 },
													{ "model": "cobblestone_stairs_n_depth_2", "weight": 40 }],
		"facing=east,half=bottom,shape=straight":[ 	{ "model": "cobblestone_stairs_e", "weight": 40 },
													{ "model": "cobblestone_stairs_e_depth_1", "weight": 40 },
													{ "model": "cobblestone_stairs_e_depth_2", "weight": 40 }],
		"facing=south,half=bottom,shape=straight":[ { "model": "cobblestone_stairs_s", "weight": 40 },
													{ "model": "cobblestone_stairs_s_depth_1", "weight": 40 },
													{ "model": "cobblestone_stairs_s_depth_2", "weight": 40 }],
		"facing=west,half=bottom,shape=straight":[ 	{ "model": "cobblestone_stairs_w", "weight": 40 },
													{ "model": "cobblestone_stairs_w_depth_1", "weight": 40 },
													{ "model": "cobblestone_stairs_w_depth_2", "weight": 40 }],
		"facing=north,half=bottom,shape=outer_right":[ 	{ "model": "cobblestone_outer_stairs_ne", "weight": 40 },
														{ "model": "cobblestone_outer_stairs_ne_depth_1", "weight": 40 },
														{ "model": "cobblestone_outer_stairs_ne_depth_2", "weight": 40 }],
		"facing=east,half=bottom,shape=outer_right":[ 	{ "model": "cobblestone_outer_stairs_se", "weight": 40 },
														{ "model": "cobblestone_outer_stairs_se_depth_1", "weight": 40 },
														{ "model": "cobblestone_outer_stairs_se_depth_2", "weight": 40 }],
		"facing=south,half=bottom,shape=outer_right":[ 	{ "model": "cobblestone_outer_stairs_sw", "weight": 40 },
														{ "model": "cobblestone_outer_stairs_sw_depth_1", "weight": 40 },
														{ "model": "cobblestone_outer_stairs_sw_depth_2", "weight": 40 }],
        "facing=west,half=bottom,shape=outer_right":[ 	{ "model": "cobblestone_outer_stairs_nw", "weight": 40 },
														{ "model": "cobblestone_outer_stairs_nw_depth_1", "weight": 40 },
														{ "model": "cobblestone_outer_stairs_nw_depth_2", "weight": 40 }],
		"facing=north,half=bottom,shape=outer_left":[ 	{ "model": "cobblestone_outer_stairs_nw", "weight": 40 },
														{ "model": "cobblestone_outer_stairs_nw_depth_1", "weight": 40 },
														{ "model": "cobblestone_outer_stairs_nw_depth_2", "weight": 40 }],
        "facing=east,half=bottom,shape=outer_left":[ 	{ "model": "cobblestone_outer_stairs_ne", "weight": 40 },
														{ "model": "cobblestone_outer_stairs_ne_depth_1", "weight": 40 },
														{ "model": "cobblestone_outer_stairs_ne_depth_2", "weight": 40 }],
		"facing=south,half=bottom,shape=outer_left":[ 	{ "model": "cobblestone_outer_stairs_se", "weight": 40 },
														{ "model": "cobblestone_outer_stairs_se_depth_1", "weight": 40 },
														{ "model": "cobblestone_outer_stairs_se_depth_2", "weight": 40 }],
        "facing=west,half=bottom,shape=outer_left":[ 	{ "model": "cobblestone_outer_stairs_sw", "weight": 40 },
														{ "model": "cobblestone_outer_stairs_sw_depth_1", "weight": 40 },
														{ "model": "cobblestone_outer_stairs_sw_depth_2", "weight": 40 }],
		"facing=north,half=bottom,shape=inner_right":[ 	{ "model": "cobblestone_inner_stairs_sw", "weight": 40 },
														{ "model": "cobblestone_inner_stairs_sw_depth_1", "weight": 40 },
														{ "model": "cobblestone_inner_stairs_sw_depth_2", "weight": 40 }],
        "facing=east,half=bottom,shape=inner_right":[ 	{ "model": "cobblestone_inner_stairs_nw", "weight": 40 },
														{ "model": "cobblestone_inner_stairs_nw_depth_1", "weight": 40 },
														{ "model": "cobblestone_inner_stairs_nw_depth_2", "weight": 40 }],
		"facing=south,half=bottom,shape=inner_right":[ 	{ "model": "cobblestone_inner_stairs_ne", "weight": 40 },
														{ "model": "cobblestone_inner_stairs_ne_depth_1", "weight": 40 },
														{ "model": "cobblestone_inner_stairs_ne_depth_2", "weight": 40 }],
        "facing=west,half=bottom,shape=inner_right":[ 	{ "model": "cobblestone_inner_stairs_se", "weight": 40 },
														{ "model": "cobblestone_inner_stairs_se_depth_1", "weight": 40 },
														{ "model": "cobblestone_inner_stairs_se_depth_2", "weight": 40 }],
		"facing=north,half=bottom,shape=inner_left":[ 	{ "model": "cobblestone_inner_stairs_se", "weight": 40 },
														{ "model": "cobblestone_inner_stairs_se_depth_1", "weight": 40 },
														{ "model": "cobblestone_inner_stairs_se_depth_2", "weight": 40 }],
		"facing=east,half=bottom,shape=inner_left":[ 	{ "model": "cobblestone_inner_stairs_sw", "weight": 40 },
														{ "model": "cobblestone_inner_stairs_sw_depth_1", "weight": 40 },
														{ "model": "cobblestone_inner_stairs_sw_depth_2", "weight": 40 }],
		"facing=south,half=bottom,shape=inner_left":[ 	{ "model": "cobblestone_inner_stairs_nw", "weight": 40 },
														{ "model": "cobblestone_inner_stairs_nw_depth_1", "weight": 40 },
														{ "model": "cobblestone_inner_stairs_nw_depth_2", "weight": 40 }],
		"facing=west,half=bottom,shape=inner_left":[ 	{ "model": "cobblestone_inner_stairs_ne", "weight": 40 },
														{ "model": "cobblestone_inner_stairs_ne_depth_1", "weight": 40 },
														{ "model": "cobblestone_inner_stairs_ne_depth_2", "weight": 40 }],
        "facing=north,half=top,shape=straight":[ 		{ "model": "cobblestone_stairs_nf", "weight": 40 },
														{ "model": "cobblestone_stairs_nf_depth_1", "weight": 40 },
														{ "model": "cobblestone_stairs_nf_depth_2", "weight": 40 }],
        "facing=east,half=top,shape=straight":[ 		{ "model": "cobblestone_stairs_ef", "weight": 40 },
														{ "model": "cobblestone_stairs_ef_depth_1", "weight": 40 },
														{ "model": "cobblestone_stairs_ef_depth_2", "weight": 40 }],
        "facing=south,half=top,shape=straight":[ 		{ "model": "cobblestone_stairs_sf", "weight": 40 },
														{ "model": "cobblestone_stairs_sf_depth_1", "weight": 40 },
														{ "model": "cobblestone_stairs_sf_depth_2", "weight": 40 }],
        "facing=west,half=top,shape=straight":[ 		{ "model": "cobblestone_stairs_wf", "weight": 40 },
														{ "model": "cobblestone_stairs_wf_depth_1", "weight": 40 },
														{ "model": "cobblestone_stairs_wf_depth_2", "weight": 40 }]
          
    }
}
