{
"__comment":"Made by Know2Good, part of the 'Default 3D™' resource pack || Official download page: http://www.planetminecraft.com/texture_pack/default-3d-2985741/ || © Know2Good. All rights reserved. ",
    "variants": {
        "normal": [
            { "model": "stone", "weight": 590 },
            { "model": "stone", "y": 180, "weight": 600 },
			
			{ "model": "stone_alt1", "weight": 590 },
            { "model": "stone_alt1", "y": 180, "weight": 600 },
			
			{ "model": "stone_alt2", "weight": 590 },
            { "model": "stone_alt2", "y": 180, "weight": 600 },
			
			{ "model": "stone_alt3", "weight": 590 },
            { "model": "stone_alt3", "y": 180, "weight": 600 },
			
			{ "model": "stone_alt4", "weight": 590 },
            { "model": "stone_alt4", "y": 180, "weight": 600 },
			
			{ "model": "stone_alt5", "weight": 590 },
            { "model": "stone_alt5", "y": 180, "weight": 600 }
        ]
    }
}

