{
"__comment":"Made by Know2Good, part of the 'Default 3D™' resource pack || Official download page: http://www.planetminecraft.com/texture_pack/default-3d-2985741/ || © Know2Good. All rights reserved. ",
"__comment":"No UV-bleed, OK coordinate, OK texture, OK cullface",

"textures": {
    "end": 		"blocks/log_acacia_top",
    "side": 	"blocks/log_acacia",
	"particle":	"blocks/log_acacia"
},
"elements": [ 
	{
		"__comment": "Block",
		"from": [0,0,0],
		"to": [16,16,16],
		"faces": {
			"down":{"uv":	[0,0,16,16],"texture":"#side","cullface":"down"},
			"up":{"uv":		[0,0,16,16],"texture":"#side","cullface":"up"},
			"north":{"uv":	[0,0,16,16],"texture":"#end","cullface":"north"},
			"south":{"uv":	[0,0,16,16],"texture":"#end","cullface":"south"},
			"west":{"uv":	[0,0,16,16],"texture":"#side","cullface":"west","rotation": 270},
			"east":{"uv":	[0,0,16,16],"texture":"#side","cullface":"east","rotation": 90}
            }
        }
    ]
}