{
"__comment":"Made by Know2Good, part of the 'Default 3D™' resource pack || Official download page: http://www.planetminecraft.com/texture_pack/default-3d-2985741/ || © Know2Good. All rights reserved. ",
"__comment":"No UV-bleed, OK coordinate, OK texture, OK cullface",

"textures": {
	"wool": 	"blocks/wool_colored_yellow",
	"particle":	"blocks/wool_colored_yellow"
},
"elements": [
	{
		"__comment": "Carpet",
		"from": [1,1.5,2],
		"to": [2,1.6,3],
		"faces": {
			"up":{"uv":		[1.01,2.01,1.99,2.99],"texture":"#wool","cullface":"Know2Good"},
			"north":{"uv":	[1.01,2.01,1.99,2.99],"texture":"#wool","cullface":"Know2Good"},
			"south":{"uv":	[1.01,2.01,1.99,2.99],"texture":"#wool","cullface":"Know2Good"},
			"west":{"uv":	[1.01,2.01,1.99,2.99],"texture":"#wool","cullface":"Know2Good"},
			"east":{"uv":	[1.01,2.01,1.99,2.99],"texture":"#wool","cullface":"Know2Good"}
        }
    },
	{
		"__comment": "Carpet",
		"from": [2,1.5,1],
		"to": [4,1.6,2],
		"faces": {
			"up":{"uv":		[2.01,1.01,3.99,1.99],"texture":"#wool","cullface":"Know2Good"},
			"north":{"uv":	[2.01,1.01,3.99,1.99],"texture":"#wool","cullface":"Know2Good","rotation":180},
			"south":{"uv":	[2.01,1.01,3.99,1.99],"texture":"#wool","cullface":"Know2Good"},
			"west":{"uv":	[2.01,1.01,2.99,1.99],"texture":"#wool","cullface":"Know2Good"},
			"east":{"uv":	[3.01,1.01,3.99,1.99],"texture":"#wool","cullface":"Know2Good"}
        }
    },
	{
		"__comment": "Carpet",
		"from": [4,1.5,2],
		"to": [6,1.6,3],
		"faces": {
			"up":{"uv":		[4.01,2.01,5.99,2.99],"texture":"#wool","cullface":"Know2Good"},
			"north":{"uv":	[4.01,2.01,5.99,2.99],"texture":"#wool","cullface":"Know2Good","rotation":180},
			"south":{"uv":	[4.01,2.01,5.99,2.99],"texture":"#wool","cullface":"Know2Good"},
			"west":{"uv":	[4.01,2.01,4.99,2.99],"texture":"#wool","cullface":"Know2Good"},
			"east":{"uv":	[5.01,2.01,5.99,2.99],"texture":"#wool","cullface":"Know2Good"}
        }
    },
	{
		"__comment": "Carpet",
		"from": [3,1.5,3],
		"to": [4,1.6,4],
		"faces": {
			"up":{"uv":		[3.01,3.01,3.99,3.99],"texture":"#wool","cullface":"Know2Good"},
			"north":{"uv":	[3.01,3.01,3.99,3.99],"texture":"#wool","cullface":"Know2Good"},
			"south":{"uv":	[3.01,3.01,3.99,3.99],"texture":"#wool","cullface":"Know2Good"},
			"west":{"uv":	[3.01,3.01,3.99,3.99],"texture":"#wool","cullface":"Know2Good"},
			"east":{"uv":	[3.01,3.01,3.99,3.99],"texture":"#wool","cullface":"Know2Good"}
        }
    },
	{
		"__comment": "Carpet",
		"from": [7,1.5,3],
		"to": [8,1.6,4],
		"faces": {
			"up":{"uv":		[7.01,3.01,7.99,3.99],"texture":"#wool","cullface":"Know2Good"},
			"north":{"uv":	[7.01,3.01,7.99,3.99],"texture":"#wool","cullface":"Know2Good"},
			"south":{"uv":	[7.01,3.01,7.99,3.99],"texture":"#wool","cullface":"Know2Good"},
			"west":{"uv":	[7.01,3.01,7.99,3.99],"texture":"#wool","cullface":"Know2Good"},
			"east":{"uv":	[7.01,3.01,7.99,3.99],"texture":"#wool","cullface":"Know2Good"}
        }
    },
	{
		"__comment": "Carpet",
		"from": [9,1.5,2],
		"to": [10,1.6,3],
		"faces": {
			"up":{"uv":		[9.01,2.01,9.99,2.99],"texture":"#wool","cullface":"Know2Good"},
			"north":{"uv":	[9.01,2.01,9.99,2.99],"texture":"#wool","cullface":"Know2Good"},
			"south":{"uv":	[9.01,2.01,9.99,2.99],"texture":"#wool","cullface":"Know2Good"},
			"west":{"uv":	[9.01,2.01,9.99,2.99],"texture":"#wool","cullface":"Know2Good"},
			"east":{"uv":	[9.01,2.01,9.99,2.99],"texture":"#wool","cullface":"Know2Good"}
        }
    },
	{
		"__comment": "Carpet",
		"from": [10,1.5,3],
		"to": [12,1.6,4],
		"faces": {
			"up":{"uv":		[10.01,3.01,11.99,3.99],"texture":"#wool","cullface":"Know2Good"},
			"north":{"uv":	[10.01,3.01,11.99,3.99],"texture":"#wool","cullface":"Know2Good","rotation":180},
			"south":{"uv":	[10.01,3.01,11.99,3.99],"texture":"#wool","cullface":"Know2Good"},
			"west":{"uv":	[10.01,3.01,10.99,3.99],"texture":"#wool","cullface":"Know2Good"},
			"east":{"uv":	[11.01,3.01,11.99,3.99],"texture":"#wool","cullface":"Know2Good"}
        }
    },
	{
		"__comment": "Carpet",
		"from": [12,1.5,2],
		"to": [14,1.6,3],
		"faces": {
			"up":{"uv":		[12.01,2.01,13.99,2.99],"texture":"#wool","cullface":"Know2Good"},
			"north":{"uv":	[12.01,2.01,13.99,2.99],"texture":"#wool","cullface":"Know2Good","rotation":180},
			"south":{"uv":	[12.01,2.01,13.99,2.99],"texture":"#wool","cullface":"Know2Good"},
			"west":{"uv":	[12.01,2.01,12.99,2.99],"texture":"#wool","cullface":"Know2Good"},
			"east":{"uv":	[13.01,2.01,13.99,2.99],"texture":"#wool","cullface":"Know2Good"}
        }
    },
	{
		"__comment": "Carpet",
		"from": [14,1.5,3],
		"to": [15,1.6,4],
		"faces": {
			"up":{"uv":		[14.01,3.01,14.99,3.99],"texture":"#wool","cullface":"Know2Good"},
			"north":{"uv":	[14.01,3.01,14.99,3.99],"texture":"#wool","cullface":"Know2Good"},
			"south":{"uv":	[14.01,3.01,14.99,3.99],"texture":"#wool","cullface":"Know2Good"},
			"west":{"uv":	[14.01,3.01,14.99,3.99],"texture":"#wool","cullface":"Know2Good"},
			"east":{"uv":	[14.01,3.01,14.99,3.99],"texture":"#wool","cullface":"Know2Good"}
        }
    },
	{
		"__comment": "Carpet",
		"from": [0,1.5,6],
		"to": [2,1.6,7],
		"faces": {
			"up":{"uv":		[0.01,6.01,1.99,6.99],"texture":"#wool","cullface":"Know2Good"},
			"north":{"uv":	[0.01,6.01,1.99,6.99],"texture":"#wool","cullface":"Know2Good","rotation":180},
			"south":{"uv":	[0.01,6.01,1.99,6.99],"texture":"#wool","cullface":"Know2Good"},
			"west":{"uv":	[0.01,6.01,1.99,6.99],"texture":"#wool","cullface":"west"},
			"east":{"uv":	[0.01,6.01,1.99,6.99],"texture":"#wool","cullface":"Know2Good"}
        }
    },
	{
		"__comment": "Carpet",
		"from": [2,1.5,7],
		"to": [4,1.6,8],
		"faces": {
			"up":{"uv":		[2.01,7.01,3.99,7.99],"texture":"#wool","cullface":"Know2Good"},
			"north":{"uv":	[2.01,7.01,3.99,7.99],"texture":"#wool","cullface":"Know2Good","rotation":180},
			"south":{"uv":	[2.01,7.01,3.99,7.99],"texture":"#wool","cullface":"Know2Good"},
			"west":{"uv":	[2.01,7.01,2.99,7.99],"texture":"#wool","cullface":"Know2Good"},
			"east":{"uv":	[3.01,7.01,3.99,7.99],"texture":"#wool","cullface":"Know2Good"}
        }
    },
	{
		"__comment": "Carpet",
		"from": [6,1.5,7],
		"to": [7,1.6,8],
		"faces": {
			"up":{"uv":		[6.01,7.01,6.99,7.99],"texture":"#wool","cullface":"Know2Good"},
			"north":{"uv":	[6.01,7.01,6.99,7.99],"texture":"#wool","cullface":"Know2Good"},
			"south":{"uv":	[6.01,7.01,6.99,7.99],"texture":"#wool","cullface":"Know2Good"},
			"west":{"uv":	[6.01,7.01,6.99,7.99],"texture":"#wool","cullface":"Know2Good"},
			"east":{"uv":	[6.01,7.01,6.99,7.99],"texture":"#wool","cullface":"Know2Good"}
        }
    },
	{
		"__comment": "Carpet",
		"from": [9,1.5,6],
		"to": [10,1.6,7],
		"faces": {
			"up":{"uv":		[9.01,6.01,9.99,6.99],"texture":"#wool","cullface":"Know2Good"},
			"north":{"uv":	[9.01,6.01,9.99,6.99],"texture":"#wool","cullface":"Know2Good"},
			"south":{"uv":	[9.01,6.01,9.99,6.99],"texture":"#wool","cullface":"Know2Good"},
			"west":{"uv":	[9.01,6.01,9.99,6.99],"texture":"#wool","cullface":"Know2Good"},
			"east":{"uv":	[9.01,6.01,9.99,6.99],"texture":"#wool","cullface":"Know2Good"}
        }
    },
	{
		"__comment": "Carpet",
		"from": [11,1.5,7],
		"to": [12,1.6,8],
		"faces": {
			"up":{"uv":		[11.01,7.01,11.99,7.99],"texture":"#wool","cullface":"Know2Good"},
			"north":{"uv":	[11.01,7.01,11.99,7.99],"texture":"#wool","cullface":"Know2Good"},
			"south":{"uv":	[11.01,7.01,11.99,7.99],"texture":"#wool","cullface":"Know2Good"},
			"west":{"uv":	[11.01,7.01,11.99,7.99],"texture":"#wool","cullface":"Know2Good"},
			"east":{"uv":	[11.01,7.01,11.99,7.99],"texture":"#wool","cullface":"Know2Good"}
        }
    },
	{
		"__comment": "Carpet",
		"from": [12,1.5,6],
		"to": [14,1.6,7],
		"faces": {
			"up":{"uv":		[12.01,6.01,13.99,6.99],"texture":"#wool","cullface":"Know2Good"},
			"north":{"uv":	[12.01,6.01,13.99,6.99],"texture":"#wool","cullface":"Know2Good","rotation":180},
			"south":{"uv":	[12.01,6.01,13.99,6.99],"texture":"#wool","cullface":"Know2Good"},
			"west":{"uv":	[12.01,6.01,13.99,6.99],"texture":"#wool","cullface":"Know2Good"},
			"east":{"uv":	[12.01,6.01,13.99,6.99],"texture":"#wool","cullface":"Know2Good"}
        }
    },
	{
		"__comment": "Carpet",
		"from": [14,1.5,7],
		"to": [15,1.6,8],
		"faces": {
			"up":{"uv":		[14.01,7.01,14.99,7.99],"texture":"#wool","cullface":"Know2Good"},
			"north":{"uv":	[14.01,7.01,14.99,7.99],"texture":"#wool","cullface":"Know2Good"},
			"south":{"uv":	[14.01,7.01,14.99,7.99],"texture":"#wool","cullface":"Know2Good"},
			"west":{"uv":	[14.01,7.01,14.99,7.99],"texture":"#wool","cullface":"Know2Good"},
			"east":{"uv":	[14.01,7.01,14.99,7.99],"texture":"#wool","cullface":"Know2Good"}
        }
    },
	{
		"__comment": "Carpet",
		"from": [1,1.5,10],
		"to": [2,1.6,11],
		"faces": {
			"up":{"uv":		[1.01,10.01,1.99,10.99],"texture":"#wool","cullface":"Know2Good"},
			"north":{"uv":	[1.01,10.01,1.99,10.99],"texture":"#wool","cullface":"Know2Good"},
			"south":{"uv":	[1.01,10.01,1.99,10.99],"texture":"#wool","cullface":"Know2Good"},
			"west":{"uv":	[1.01,10.01,1.99,10.99],"texture":"#wool","cullface":"Know2Good"},
			"east":{"uv":	[1.01,10.01,1.99,10.99],"texture":"#wool","cullface":"Know2Good"}
        }
    },
	{
		"__comment": "Carpet",
		"from": [4,1.5,10],
		"to": [6,1.6,11],
		"faces": {
			"up":{"uv":		[4.01,10.01,5.99,10.99],"texture":"#wool","cullface":"Know2Good"},
			"north":{"uv":	[4.01,10.01,5.99,10.99],"texture":"#wool","cullface":"Know2Good","rotation":180},
			"south":{"uv":	[4.01,10.01,5.99,10.99],"texture":"#wool","cullface":"Know2Good"},
			"west":{"uv":	[4.01,10.01,4.99,10.99],"texture":"#wool","cullface":"Know2Good"},
			"east":{"uv":	[5.01,10.01,5.99,10.99],"texture":"#wool","cullface":"Know2Good"}
        }
    },
	{
		"__comment": "Carpet",
		"from": [8,1.5,10],
		"to": [9,1.6,11],
		"faces": {
			"up":{"uv":		[8.01,10.01,8.99,10.99],"texture":"#wool","cullface":"Know2Good"},
			"north":{"uv":	[8.01,10.01,8.99,10.99],"texture":"#wool","cullface":"Know2Good"},
			"south":{"uv":	[8.01,10.01,8.99,10.99],"texture":"#wool","cullface":"Know2Good"},
			"west":{"uv":	[8.01,10.01,8.99,10.99],"texture":"#wool","cullface":"Know2Good"},
			"east":{"uv":	[8.01,10.01,8.99,10.99],"texture":"#wool","cullface":"Know2Good"}
        }
    },
	{
		"__comment": "Carpet",
		"from": [10,1.5,9],
		"to": [12,1.6,10],
		"faces": {
			"up":{"uv":		[10.01,9.01,11.99,9.99],"texture":"#wool","cullface":"Know2Good"},
			"north":{"uv":	[10.01,9.01,11.99,9.99],"texture":"#wool","cullface":"Know2Good","rotation":180},
			"south":{"uv":	[10.01,9.01,11.99,9.99],"texture":"#wool","cullface":"Know2Good"},
			"west":{"uv":	[10.01,9.01,10.99,9.99],"texture":"#wool","cullface":"Know2Good"},
			"east":{"uv":	[11.01,9.01,11.99,9.99],"texture":"#wool","cullface":"Know2Good"}
        }
    },
	{
		"__comment": "Carpet",
		"from": [14,1.5,9],
		"to": [16,1.6,10],
		"faces": {
			"up":{"uv":		[14.01,9.01,15.99,9.99],"texture":"#wool","cullface":"Know2Good"},
			"north":{"uv":	[14.01,9.01,15.99,9.99],"texture":"#wool","cullface":"Know2Good","rotation":180},
			"south":{"uv":	[14.01,9.01,15.99,9.99],"texture":"#wool","cullface":"Know2Good"},
			"west":{"uv":	[14.01,9.01,14.99,9.99],"texture":"#wool","cullface":"Know2Good"},
			"east":{"uv":	[15.01,9.01,15.99,9.99],"texture":"#wool","cullface":"east"}
        }
    },
	{
		"__comment": "Carpet",
		"from": [0,1.5,14],
		"to": [2,1.6,15],
		"faces": {
			"up":{"uv":		[0.01,14.01,1.99,14.99],"texture":"#wool","cullface":"Know2Good"},
			"north":{"uv":	[0.01,14.01,1.99,14.99],"texture":"#wool","cullface":"Know2Good","rotation":180},
			"south":{"uv":	[0.01,14.01,1.99,14.99],"texture":"#wool","cullface":"Know2Good"},
			"west":{"uv":	[0.01,14.01,0.99,14.99],"texture":"#wool","cullface":"west"},
			"east":{"uv":	[1.01,14.01,1.99,14.99],"texture":"#wool","cullface":"Know2Good"}
        }
    },
	{
		"__comment": "Carpet",
		"from": [2,1.5,13],
		"to": [4,1.6,14],
		"faces": {
			"up":{"uv":		[2.01,13.01,3.99,13.99],"texture":"#wool","cullface":"Know2Good"},
			"north":{"uv":	[2.01,13.01,3.99,13.99],"texture":"#wool","cullface":"Know2Good","rotation":180},
			"south":{"uv":	[2.01,13.01,3.99,13.99],"texture":"#wool","cullface":"Know2Good"},
			"west":{"uv":	[2.01,13.01,2.99,13.99],"texture":"#wool","cullface":"Know2Good"},
			"east":{"uv":	[3.01,13.01,3.99,13.99],"texture":"#wool","cullface":"Know2Good"}
        }
    },
	{
		"__comment": "Carpet",
		"from": [4,1.5,14],
		"to": [5,1.6,15],
		"faces": {
			"up":{"uv":		[4.01,14.01,4.99,14.99],"texture":"#wool","cullface":"Know2Good"},
			"north":{"uv":	[4.01,14.01,4.99,14.99],"texture":"#wool","cullface":"Know2Good"},
			"south":{"uv":	[4.01,14.01,4.99,14.99],"texture":"#wool","cullface":"Know2Good"},
			"west":{"uv":	[4.01,14.01,4.99,14.99],"texture":"#wool","cullface":"Know2Good"},
			"east":{"uv":	[4.01,14.01,4.99,14.99],"texture":"#wool","cullface":"Know2Good"}
        }
    },
	{
		"__comment": "Carpet",
		"from": [6,1.5,15],
		"to": [8,1.6,16],
		"faces": {
			"up":{"uv":		[6.01,15.01,7.99,15.99],"texture":"#wool","cullface":"Know2Good"},
			"north":{"uv":	[6.01,15.01,7.99,15.99],"texture":"#wool","cullface":"Know2Good","rotation":180},
			"south":{"uv":	[6.01,15.01,7.99,15.99],"texture":"#wool","cullface":"south"},
			"west":{"uv":	[6.01,15.01,6.99,15.99],"texture":"#wool","cullface":"Know2Good"},
			"east":{"uv":	[7.01,15.01,7.99,15.99],"texture":"#wool","cullface":"Know2Good"}
        }
    },
	{
		"__comment": "Carpet",
		"from": [8,1.5,14],
		"to": [9,1.6,15],
		"faces": {
			"up":{"uv":		[8.01,14.01,8.99,14.99],"texture":"#wool","cullface":"Know2Good"},
			"north":{"uv":	[8.01,14.01,8.99,14.99],"texture":"#wool","cullface":"Know2Good"},
			"south":{"uv":	[8.01,14.01,8.99,14.99],"texture":"#wool","cullface":"Know2Good"},
			"west":{"uv":	[8.01,14.01,8.99,14.99],"texture":"#wool","cullface":"Know2Good"},
			"east":{"uv":	[8.01,14.01,8.99,14.99],"texture":"#wool","cullface":"Know2Good"}
        }
    },
	{
		"__comment": "Carpet",
		"from": [11,1.5,13],
		"to": [12,1.6,14],
		"faces": {
			"up":{"uv":		[11.01,13.01,11.99,13.99],"texture":"#wool","cullface":"Know2Good"},
			"north":{"uv":	[11.01,13.01,11.99,13.99],"texture":"#wool","cullface":"Know2Good"},
			"south":{"uv":	[11.01,13.01,11.99,13.99],"texture":"#wool","cullface":"Know2Good"},
			"west":{"uv":	[11.01,13.01,11.99,13.99],"texture":"#wool","cullface":"Know2Good"},
			"east":{"uv":	[11.01,13.01,11.99,13.99],"texture":"#wool","cullface":"Know2Good"}
        }
    },
	{
		"__comment": "Carpet",
		"from": [12,1.5,12],
		"to": [14,1.6,13],
		"faces": {
			"up":{"uv":		[12.01,12.01,13.99,12.99],"texture":"#wool","cullface":"Know2Good"},
			"north":{"uv":	[11.01,12.01,13.99,12.99],"texture":"#wool","cullface":"Know2Good","rotation":180},
			"south":{"uv":	[11.01,12.01,13.99,12.99],"texture":"#wool","cullface":"Know2Good"},
			"west":{"uv":	[11.01,12.01,11.99,12.99],"texture":"#wool","cullface":"Know2Good"},
			"east":{"uv":	[13.01,12.01,13.99,12.99],"texture":"#wool","cullface":"Know2Good"}
        }
    },
	{
		"__comment": "Carpet",
		"from": [14,1.5,13],
		"to": [16,1.6,14],
		"faces": {
			"up":{"uv":		[14.01,13.01,15.99,13.99],"texture":"#wool","cullface":"Know2Good"},
			"north":{"uv":	[14.01,13.01,15.99,13.99],"texture":"#wool","cullface":"Know2Good","rotation":180},
			"south":{"uv":	[14.01,13.01,15.99,13.99],"texture":"#wool","cullface":"Know2Good"},
			"west":{"uv":	[14.01,13.01,14.99,13.99],"texture":"#wool","cullface":"Know2Good"},
			"east":{"uv":	[15.01,13.01,15.99,13.99],"texture":"#wool","cullface":"east"}
        }
    },
	{
		"__comment": "Carpet",
		"from": [15,1.5,15],
		"to": [16,1.6,16],
		"faces": {
			"up":{"uv":		[15.01,15.01,15.99,15.99],"texture":"#wool","cullface":"Know2Good"},
			"north":{"uv":	[15.01,15.01,15.99,15.99],"texture":"#wool","cullface":"Know2Good"},
			"south":{"uv":	[15.01,15.01,15.99,15.99],"texture":"#wool","cullface":"south"},
			"west":{"uv":	[15.01,15.01,15.99,15.99],"texture":"#wool","cullface":"Know2Good"},
			"east":{"uv":	[15.01,15.01,15.99,15.99],"texture":"#wool","cullface":"east"}
        }
    },
	{
		"__comment": "Carpet",
		"from": [0,0,0],
		"to": [16,1.5,16],
		"faces": {
			"down":{"uv":	[0.01,0.01,15.99,15.99],"texture":"#wool","cullface":"down"},
			"up":{"uv":		[0.01,0.01,15.99,15.99],"texture":"#wool","cullface":"Know2Good"},
			"north":{"uv":	[0.01,15.01,15.99,15.99],"texture":"#wool","cullface":"north"},
			"south":{"uv":	[0.01,15.01,15.99,15.99],"texture":"#wool","cullface":"south"},
			"west":{"uv":	[0.01,15.01,15.99,15.99],"texture":"#wool","cullface":"west"},
			"east":{"uv":	[0.01,15.01,15.99,15.99],"texture":"#wool","cullface":"east"}
            }
        }
    ]
}