{
"__comment":"Made by Know2Good, part of the 'Default 3D™' resource pack || Official download page: http://www.planetminecraft.com/texture_pack/default-3d-2985741/ || © Know2Good. All rights reserved. ",
"__comment":"No UV-bleed, OK coordinate, OK texture, OK cullface",

"textures": {
	"block": 	"blocks/sapling_roofed_oak",
	"particle":	"blocks/sapling_roofed_oak"
},
"elements": [
	{
		"__comment": "Stem",
		"from": [6,0,8],
		"to": [7,5,9],
		"faces": {
			"down":{"uv":	[6.01,15.01,6.99,15.99],"texture":"#block","cullface":"Know2Good"},
			"up":{"uv":		[6.01,11.01,6.99,11.99],"texture":"#block","cullface":"Know2Good"},
			"north":{"uv":	[6.01,11.01,6.99,15.99],"texture":"#block","cullface":"Know2Good"},
			"south":{"uv":	[6.01,11.01,6.99,15.99],"texture":"#block","cullface":"Know2Good"},
			"west":{"uv":	[6.01,11.01,6.99,15.99],"texture":"#block","cullface":"Know2Good"},
			"east":{"uv":	[6.01,11.01,6.99,15.99],"texture":"#block","cullface":"Know2Good"}
		}
	},
	{
		"__comment": "Stem",
		"from": [6,6,8],
		"to": [9,7,9],
		"faces": {
			"down":{"uv":	[6.01,9.01,8.99,9.99],"texture":"#block","cullface":"Know2Good"},
			"up":{"uv":		[6.01,9.01,8.99,9.99],"texture":"#block","cullface":"Know2Good"},
			"north":{"uv":	[6.01,9.01,8.99,9.99],"texture":"#block","cullface":"Know2Good","rotation":180},
			"south":{"uv":	[6.01,9.01,8.99,9.99],"texture":"#block","cullface":"Know2Good"},
			"west":{"uv":	[6.01,9.01,6.99,9.99],"texture":"#block","cullface":"Know2Good"},
			"east":{"uv":	[8.01,9.01,8.99,9.99],"texture":"#block","cullface":"Know2Good"}
		}
	},
	{
		"__comment": "Stem",
		"from": [7,0,7.5],
		"to": [10,1,8.5],
		"faces": {
			"down":{"uv":	[7.01,15.01,9.99,15.99],"texture":"#block","cullface":"Know2Good"},
			"up":{"uv":		[7.01,15.01,9.99,15.99],"texture":"#block","cullface":"Know2Good"},
			"north":{"uv":	[7.01,15.01,9.99,15.99],"texture":"#block","cullface":"Know2Good","rotation":180},
			"south":{"uv":	[7.01,15.01,9.99,15.99],"texture":"#block","cullface":"Know2Good"},
			"west":{"uv":	[7.01,15.01,7.99,15.99],"texture":"#block","cullface":"Know2Good"},
			"east":{"uv":	[9.01,15.01,9.99,15.99],"texture":"#block","cullface":"Know2Good"}
		}
	},
	{
		"__comment": "Stem",
		"from": [7,1,7.5],
		"to": [8,2,8.5],
		"faces": {
			"down":{"uv":	[7.01,14.01,7.99,14.99],"texture":"#block","cullface":"Know2Good"},
			"up":{"uv":		[7.01,14.01,7.99,14.99],"texture":"#block","cullface":"Know2Good"},
			"north":{"uv":	[7.01,14.01,7.99,14.99],"texture":"#block","cullface":"Know2Good"},
			"south":{"uv":	[7.01,14.01,7.99,14.99],"texture":"#block","cullface":"Know2Good"},
			"west":{"uv":	[7.01,14.01,7.99,14.99],"texture":"#block","cullface":"Know2Good"},
			"east":{"uv":	[7.01,14.01,7.99,14.99],"texture":"#block","cullface":"Know2Good"}
		}
	},
	{
		"__comment": "Stem",
		"from": [7,2,8],
		"to": [8,3,9],
		"faces": {
			"down":{"uv":	[7.01,13.01,7.99,13.99],"texture":"#block","cullface":"Know2Good"},
			"up":{"uv":		[7.01,13.01,7.99,13.99],"texture":"#block","cullface":"Know2Good"},
			"north":{"uv":	[7.01,13.01,7.99,13.99],"texture":"#block","cullface":"Know2Good"},
			"south":{"uv":	[7.01,13.01,7.99,13.99],"texture":"#block","cullface":"Know2Good"},
			"west":{"uv":	[7.01,13.01,7.99,13.99],"texture":"#block","cullface":"Know2Good"},
			"east":{"uv":	[7.01,13.01,7.99,13.99],"texture":"#block","cullface":"Know2Good"}
		}
	},
	{
		"__comment": "Stem",
		"from": [7,3,7.5],
		"to": [10,4,8.5],
		"faces": {
			"down":{"uv":	[7.01,12.01,9.99,12.99],"texture":"#block","cullface":"Know2Good"},
			"up":{"uv":		[7.01,12.01,9.99,12.99],"texture":"#block","cullface":"Know2Good"},
			"north":{"uv":	[7.01,12.01,9.99,12.99],"texture":"#block","cullface":"Know2Good","rotation":180},
			"south":{"uv":	[7.01,12.01,9.99,12.99],"texture":"#block","cullface":"Know2Good"},
			"west":{"uv":	[7.01,12.01,7.99,12.99],"texture":"#block","cullface":"Know2Good"},
			"east":{"uv":	[9.01,12.01,9.99,12.99],"texture":"#block","cullface":"Know2Good"}
		}
	},
	{
		"__comment": "Stem",
		"from": [7,4,8],
		"to": [8,5,9],
		"faces": {
			"down":{"uv":	[7.01,11.01,7.99,11.99],"texture":"#block","cullface":"Know2Good"},
			"up":{"uv":		[7.01,11.01,7.99,11.99],"texture":"#block","cullface":"Know2Good"},
			"north":{"uv":	[7.01,11.01,7.99,11.99],"texture":"#block","cullface":"Know2Good"},
			"south":{"uv":	[7.01,11.01,7.99,11.99],"texture":"#block","cullface":"Know2Good"},
			"west":{"uv":	[7.01,11.01,7.99,11.99],"texture":"#block","cullface":"Know2Good"},
			"east":{"uv":	[7.01,11.01,7.99,11.99],"texture":"#block","cullface":"Know2Good"}
		}
	},
	{
		"__comment": "Stem",
		"from": [7,5,7.5],
		"to": [10,6,8.5],
		"faces": {
			"down":{"uv":	[7.01,10.01,9.99,10.99],"texture":"#block","cullface":"Know2Good"},
			"up":{"uv":		[7.01,10.01,9.99,10.99],"texture":"#block","cullface":"Know2Good"},
			"north":{"uv":	[7.01,10.01,9.99,10.99],"texture":"#block","cullface":"Know2Good","rotation":180},
			"south":{"uv":	[7.01,10.01,9.99,10.99],"texture":"#block","cullface":"Know2Good"},
			"west":{"uv":	[7.01,10.01,7.99,10.99],"texture":"#block","cullface":"Know2Good"},
			"east":{"uv":	[9.01,10.01,9.99,10.99],"texture":"#block","cullface":"Know2Good"}
		}
	},
	{
		"__comment": "Stem",
		"from": [8,1,8],
		"to": [9,3,9],
		"faces": {
			"down":{"uv":	[8.01,14.01,8.99,14.99],"texture":"#block","cullface":"Know2Good"},
			"up":{"uv":		[8.01,13.01,8.99,13.99],"texture":"#block","cullface":"Know2Good"},
			"north":{"uv":	[8.01,13.01,8.99,14.99],"texture":"#block","cullface":"Know2Good"},
			"south":{"uv":	[8.01,13.01,8.99,14.99],"texture":"#block","cullface":"Know2Good"},
			"west":{"uv":	[8.01,13.01,8.99,14.99],"texture":"#block","cullface":"Know2Good"},
			"east":{"uv":	[8.01,13.01,8.99,14.99],"texture":"#block","cullface":"Know2Good"}
		}
	},
	{
		"__comment": "Stem",
		"from": [9,1,7.5],
		"to": [10,3,8.5],
		"faces": {
			"down":{"uv":	[9.01,14.01,9.99,14.99],"texture":"#block","cullface":"Know2Good"},
			"up":{"uv":		[9.01,13.01,9.99,13.99],"texture":"#block","cullface":"Know2Good"},
			"north":{"uv":	[9.01,13.01,9.99,14.99],"texture":"#block","cullface":"Know2Good"},
			"south":{"uv":	[9.01,13.01,9.99,14.99],"texture":"#block","cullface":"Know2Good"},
			"west":{"uv":	[9.01,13.01,9.99,14.99],"texture":"#block","cullface":"Know2Good"},
			"east":{"uv":	[9.01,13.01,9.99,14.99],"texture":"#block","cullface":"Know2Good"}
		}
	},
	{
		"__comment": "Stem",
		"from": [8,4,7.5],
		"to": [9,5,8.5],
		"faces": {
			"down":{"uv":	[8.01,11.01,8.99,11.99],"texture":"#block","cullface":"Know2Good"},
			"up":{"uv":		[8.01,11.01,8.99,11.99],"texture":"#block","cullface":"Know2Good"},
			"north":{"uv":	[8.01,11.01,8.99,11.99],"texture":"#block","cullface":"Know2Good"},
			"south":{"uv":	[8.01,11.01,8.99,11.99],"texture":"#block","cullface":"Know2Good"},
			"west":{"uv":	[8.01,11.01,8.99,11.99],"texture":"#block","cullface":"Know2Good"},
			"east":{"uv":	[8.01,11.01,8.99,11.99],"texture":"#block","cullface":"Know2Good"}
		}
	},
	{
		"__comment": "Stem",
		"from": [9,4,8],
		"to": [10,5,9],
		"faces": {
			"down":{"uv":	[9.01,11.01,9.99,11.99],"texture":"#block","cullface":"Know2Good"},
			"up":{"uv":		[9.01,11.01,9.99,11.99],"texture":"#block","cullface":"Know2Good"},
			"north":{"uv":	[9.01,11.01,9.99,11.99],"texture":"#block","cullface":"Know2Good"},
			"south":{"uv":	[9.01,11.01,9.99,11.99],"texture":"#block","cullface":"Know2Good"},
			"west":{"uv":	[9.01,11.01,9.99,11.99],"texture":"#block","cullface":"Know2Good"},
			"east":{"uv":	[9.01,11.01,9.99,11.99],"texture":"#block","cullface":"Know2Good"}
		}
	},
	{
		"__comment": "Stem",
		"from": [9,6,7.5],
		"to": [10,7,8.5],
		"faces": {
			"down":{"uv":	[9.01,10.01,9.99,10.99],"texture":"#block","cullface":"Know2Good"},
			"up":{"uv":		[9.01,10.01,9.99,10.99],"texture":"#block","cullface":"Know2Good"},
			"north":{"uv":	[9.01,10.01,9.99,10.99],"texture":"#block","cullface":"Know2Good"},
			"south":{"uv":	[9.01,10.01,9.99,10.99],"texture":"#block","cullface":"Know2Good"},
			"west":{"uv":	[9.01,10.01,9.99,10.99],"texture":"#block","cullface":"Know2Good"},
			"east":{"uv":	[9.01,10.01,9.99,10.99],"texture":"#block","cullface":"Know2Good"}
		}
	},
	{
		"__comment": "Twig east",
		"from": [8,9,8],
		"to": [9,10,9],
		"faces": {
			"down":{"uv":	[8.01,6.01,8.99,6.99],"texture":"#block","cullface":"Know2Good"},
			"up":{"uv":		[8.01,6.01,8.99,6.99],"texture":"#block","cullface":"Know2Good"},
			"north":{"uv":	[8.01,6.01,8.99,6.99],"texture":"#block","cullface":"Know2Good"},
			"south":{"uv":	[8.01,6.01,8.99,6.99],"texture":"#block","cullface":"Know2Good"},
			"west":{"uv":	[8.01,6.01,8.99,6.99],"texture":"#block","cullface":"Know2Good"},
			"east":{"uv":	[8.01,6.01,8.99,6.99],"texture":"#block","cullface":"Know2Good"}
		}
	},
	{
		"__comment": "Twig east",
		"from": [9,9,7.5],
		"to": [10,10,8.5],
		"faces": {
			"down":{"uv":	[9.01,6.01,9.99,6.99],"texture":"#block","cullface":"Know2Good"},
			"up":{"uv":		[9.01,6.01,9.99,6.99],"texture":"#block","cullface":"Know2Good"},
			"north":{"uv":	[9.01,6.01,9.99,6.99],"texture":"#block","cullface":"Know2Good"},
			"south":{"uv":	[9.01,6.01,9.99,6.99],"texture":"#block","cullface":"Know2Good"},
			"west":{"uv":	[9.01,6.01,9.99,6.99],"texture":"#block","cullface":"Know2Good"},
			"east":{"uv":	[9.01,6.01,9.99,6.99],"texture":"#block","cullface":"Know2Good"}
		}
	},
	{
		"__comment": "Twig east",
		"from": [9,10,8],
		"to": [10,11,9],
		"faces": {
			"down":{"uv":	[9.01,5.01,9.99,5.99],"texture":"#block","cullface":"Know2Good"},
			"up":{"uv":		[9.01,5.01,9.99,5.99],"texture":"#block","cullface":"Know2Good"},
			"north":{"uv":	[9.01,5.01,9.99,5.99],"texture":"#block","cullface":"Know2Good"},
			"south":{"uv":	[9.01,5.01,9.99,5.99],"texture":"#block","cullface":"Know2Good"},
			"west":{"uv":	[9.01,5.01,9.99,5.99],"texture":"#block","cullface":"Know2Good"},
			"east":{"uv":	[9.01,5.01,9.99,5.99],"texture":"#block","cullface":"Know2Good"}
		}
	},
	{
		"__comment": "Twig east",
		"from": [10,10,7.5],
		"to": [11,11,8.5],
		"faces": {
			"down":{"uv":	[10.01,5.01,10.99,5.99],"texture":"#block","cullface":"Know2Good"},
			"up":{"uv":		[10.01,5.01,10.99,5.99],"texture":"#block","cullface":"Know2Good"},
			"north":{"uv":	[10.01,5.01,10.99,5.99],"texture":"#block","cullface":"Know2Good"},
			"south":{"uv":	[10.01,5.01,10.99,5.99],"texture":"#block","cullface":"Know2Good"},
			"west":{"uv":	[10.01,5.01,10.99,5.99],"texture":"#block","cullface":"Know2Good"},
			"east":{"uv":	[10.01,5.01,10.99,5.99],"texture":"#block","cullface":"Know2Good"}
		}
	},
	{
		"__comment": "Twig east",
		"from": [10,11,8],
		"to": [12,12,9],
		"faces": {
			"down":{"uv":	[10.01,4.01,11.99,4.99],"texture":"#block","cullface":"Know2Good"},
			"up":{"uv":		[10.01,4.01,11.99,4.99],"texture":"#block","cullface":"Know2Good"},
			"north":{"uv":	[10.01,4.01,11.99,4.99],"texture":"#block","cullface":"Know2Good","rotation":180},
			"south":{"uv":	[10.01,4.01,11.99,4.99],"texture":"#block","cullface":"Know2Good"},
			"west":{"uv":	[10.01,4.01,10.99,4.99],"texture":"#block","cullface":"Know2Good"},
			"east":{"uv":	[11.01,4.01,11.99,4.99],"texture":"#block","cullface":"Know2Good"}
		}
	},
	{
		"__comment": "Twig east",
		"from": [12,10,8],
		"to": [13,11,9],
		"faces": {
			"down":{"uv":	[12.01,5.01,12.99,5.99],"texture":"#block","cullface":"Know2Good"},
			"up":{"uv":		[12.01,5.01,12.99,5.99],"texture":"#block","cullface":"Know2Good"},
			"north":{"uv":	[12.01,5.01,12.99,5.99],"texture":"#block","cullface":"Know2Good"},
			"south":{"uv":	[12.01,5.01,12.99,5.99],"texture":"#block","cullface":"Know2Good"},
			"west":{"uv":	[12.01,5.01,12.99,5.99],"texture":"#block","cullface":"Know2Good"},
			"east":{"uv":	[12.01,5.01,12.99,5.99],"texture":"#block","cullface":"Know2Good"}
		}
	},
	{
		"__comment": "Twig west",
		"from": [4,6,8],
		"to": [5,7,9],
		"faces": {
			"down":{"uv":	[4.01,9.01,4.99,9.99],"texture":"#block","cullface":"Know2Good"},
			"up":{"uv":		[4.01,9.01,4.99,9.99],"texture":"#block","cullface":"Know2Good"},
			"north":{"uv":	[4.01,9.01,4.99,9.99],"texture":"#block","cullface":"Know2Good"},
			"south":{"uv":	[4.01,9.01,4.99,9.99],"texture":"#block","cullface":"Know2Good"},
			"west":{"uv":	[4.01,9.01,4.99,9.99],"texture":"#block","cullface":"Know2Good"},
			"east":{"uv":	[4.01,9.01,4.99,9.99],"texture":"#block","cullface":"Know2Good"}
		}
	},
	{
		"__comment": "Twig west",
		"from": [4,7,8],
		"to": [7,8,9],
		"faces": {
			"down":{"uv":	[4.01,8.01,6.99,8.99],"texture":"#block","cullface":"Know2Good"},
			"up":{"uv":		[4.01,8.01,6.99,8.99],"texture":"#block","cullface":"Know2Good"},
			"north":{"uv":	[4.01,8.01,6.99,8.99],"texture":"#block","cullface":"Know2Good","rotation":180},
			"south":{"uv":	[4.01,8.01,6.99,8.99],"texture":"#block","cullface":"Know2Good"},
			"west":{"uv":	[4.01,8.01,4.99,8.99],"texture":"#block","cullface":"Know2Good"},
			"east":{"uv":	[6.01,8.01,6.99,8.99],"texture":"#block","cullface":"Know2Good"}
		}
	},
	{
		"__comment": "Twig west",
		"from": [5,8,7.5],
		"to": [7,9,8.5],
		"faces": {
			"down":{"uv":	[5.01,7.01,6.99,7.99],"texture":"#block","cullface":"Know2Good"},
			"up":{"uv":		[5.01,7.01,6.99,7.99],"texture":"#block","cullface":"Know2Good"},
			"north":{"uv":	[5.01,7.01,6.99,7.99],"texture":"#block","cullface":"Know2Good","rotation":180},
			"south":{"uv":	[5.01,7.01,6.99,7.99],"texture":"#block","cullface":"Know2Good"},
			"west":{"uv":	[5.01,7.01,5.99,7.99],"texture":"#block","cullface":"Know2Good"},
			"east":{"uv":	[6.01,7.01,6.99,7.99],"texture":"#block","cullface":"Know2Good"}
		}
	},
	{
		"__comment": "Twig west",
		"from": [3,11,8],
		"to": [4,12,9],
		"faces": {
			"down":{"uv":	[3.01,4.01,3.99,4.99],"texture":"#block","cullface":"Know2Good"},
			"up":{"uv":		[3.01,4.01,3.99,4.99],"texture":"#block","cullface":"Know2Good"},
			"north":{"uv":	[3.01,4.01,3.99,4.99],"texture":"#block","cullface":"Know2Good"},
			"south":{"uv":	[3.01,4.01,3.99,4.99],"texture":"#block","cullface":"Know2Good"},
			"west":{"uv":	[3.01,4.01,3.99,4.99],"texture":"#block","cullface":"Know2Good"},
			"east":{"uv":	[3.01,4.01,3.99,4.99],"texture":"#block","cullface":"Know2Good"}
		}
	},
	{
		"__comment": "Twig west",
		"from": [4,12,8],
		"to": [5,13,9],
		"faces": {
			"down":{"uv":	[4.01,3.01,4.99,3.99],"texture":"#block","cullface":"Know2Good"},
			"up":{"uv":		[4.01,3.01,4.99,3.99],"texture":"#block","cullface":"Know2Good"},
			"north":{"uv":	[4.01,3.01,4.99,3.99],"texture":"#block","cullface":"Know2Good"},
			"south":{"uv":	[4.01,3.01,4.99,3.99],"texture":"#block","cullface":"Know2Good"},
			"west":{"uv":	[4.01,3.01,4.99,3.99],"texture":"#block","cullface":"Know2Good"},
			"east":{"uv":	[4.01,3.01,4.99,3.99],"texture":"#block","cullface":"Know2Good"}
		}
	},
	{
		"__comment": "Leaves east-west bottom to top",
		"from": [4,5,6.5],
		"to": [5,6,10],
		"faces": {
			"down":{"uv":	[4.01,10.01,4.99,10.99],"texture":"#block","cullface":"Know2Good"},
			"up":{"uv":		[4.01,10.01,4.99,10.99],"texture":"#block","cullface":"Know2Good"},
			"north":{"uv":	[4.01,10.01,4.99,10.99],"texture":"#block","cullface":"Know2Good"},
			"south":{"uv":	[4.01,10.01,4.99,10.99],"texture":"#block","cullface":"Know2Good"},
			"west":{"uv":	[4.01,10.01,4.99,10.99],"texture":"#block","cullface":"Know2Good"},
			"east":{"uv":	[4.01,10.01,4.99,10.99],"texture":"#block","cullface":"Know2Good"}
		}
	},
	{
		"__comment": "Leaves east-west bottom to top",
		"from": [5,6,7],
		"to": [6,7,9.5],
		"faces": {
			"down":{"uv":	[5.01,9.01,5.99,9.99],"texture":"#block","cullface":"Know2Good"},
			"up":{"uv":		[5.01,9.01,5.99,9.99],"texture":"#block","cullface":"Know2Good"},
			"north":{"uv":	[5.01,9.01,5.99,9.99],"texture":"#block","cullface":"Know2Good"},
			"south":{"uv":	[5.01,9.01,5.99,9.99],"texture":"#block","cullface":"Know2Good"},
			"west":{"uv":	[5.01,9.01,5.99,9.99],"texture":"#block","cullface":"Know2Good"},
			"east":{"uv":	[5.01,9.01,5.99,9.99],"texture":"#block","cullface":"Know2Good"}
		}
	},
	{
		"__comment": "Leaves east-west bottom to top",
		"from": [6,5,7],
		"to": [7,6,9.5],
		"faces": {
			"down":{"uv":	[6.01,10.01,6.99,10.99],"texture":"#block","cullface":"Know2Good"},
			"up":{"uv":		[6.01,10.01,6.99,10.99],"texture":"#block","cullface":"Know2Good"},
			"north":{"uv":	[6.01,10.01,6.99,10.99],"texture":"#block","cullface":"Know2Good"},
			"south":{"uv":	[6.01,10.01,6.99,10.99],"texture":"#block","cullface":"Know2Good"},
			"west":{"uv":	[6.01,10.01,6.99,10.99],"texture":"#block","cullface":"Know2Good"},
			"east":{"uv":	[6.01,10.01,6.99,10.99],"texture":"#block","cullface":"Know2Good"}
		}
	},
	{
		"__comment": "Leaves east-west bottom to top",
		"from": [2,7,6.5],
		"to": [3,8,10],
		"faces": {
			"down":{"uv":	[2.01,8.01,2.99,8.99],"texture":"#block","cullface":"Know2Good"},
			"up":{"uv":		[2.01,8.01,2.99,8.99],"texture":"#block","cullface":"Know2Good"},
			"north":{"uv":	[2.01,8.01,2.99,8.99],"texture":"#block","cullface":"Know2Good"},
			"south":{"uv":	[2.01,8.01,2.99,8.99],"texture":"#block","cullface":"Know2Good"},
			"west":{"uv":	[2.01,8.01,2.99,8.99],"texture":"#block","cullface":"Know2Good"},
			"east":{"uv":	[2.01,8.01,2.99,8.99],"texture":"#block","cullface":"Know2Good"}
		}
	},
	{
		"__comment": "Leaves east-west bottom to top",
		"from": [1,8,7],
		"to": [4,9,9.5],
		"faces": {
			"down":{"uv":	[1.01,7.01,3.99,7.99],"texture":"#block","cullface":"Know2Good"},
			"up":{"uv":		[1.01,7.01,3.99,7.99],"texture":"#block","cullface":"Know2Good"},
			"north":{"uv":	[1.01,7.01,3.99,7.99],"texture":"#block","cullface":"Know2Good","rotation":180},
			"south":{"uv":	[1.01,7.01,3.99,7.99],"texture":"#block","cullface":"Know2Good"},
			"west":{"uv":	[1.01,7.01,3.99,7.99],"texture":"#block","cullface":"Know2Good"},
			"east":{"uv":	[1.01,7.01,3.99,7.99],"texture":"#block","cullface":"Know2Good"}
		}
	},
	{
		"__comment": "Leaves east-west bottom to top",
		"from": [4,8,6.5],
		"to": [5,9,10],
		"faces": {
			"down":{"uv":	[4.01,7.01,4.99,7.99],"texture":"#block","cullface":"Know2Good"},
			"up":{"uv":		[4.01,7.01,4.99,7.99],"texture":"#block","cullface":"Know2Good"},
			"north":{"uv":	[4.01,7.01,4.99,7.99],"texture":"#block","cullface":"Know2Good"},
			"south":{"uv":	[4.01,7.01,4.99,7.99],"texture":"#block","cullface":"Know2Good"},
			"west":{"uv":	[4.01,7.01,4.99,7.99],"texture":"#block","cullface":"Know2Good"},
			"east":{"uv":	[4.01,7.01,4.99,7.99],"texture":"#block","cullface":"Know2Good"}
		}
	},
	{
		"__comment": "Leaves east-west bottom to top",
		"from": [7,7,6.5],
		"to": [10,8,10],
		"faces": {
			"down":{"uv":	[7.01,8.01,9.99,8.99],"texture":"#block","cullface":"Know2Good"},
			"up":{"uv":		[7.01,8.01,9.99,8.99],"texture":"#block","cullface":"Know2Good"},
			"north":{"uv":	[7.01,8.01,9.99,8.99],"texture":"#block","cullface":"Know2Good","rotation":180},
			"south":{"uv":	[7.01,8.01,9.99,8.99],"texture":"#block","cullface":"Know2Good"},
			"west":{"uv":	[7.01,8.01,7.99,8.99],"texture":"#block","cullface":"Know2Good"},
			"east":{"uv":	[9.01,8.01,9.99,8.99],"texture":"#block","cullface":"Know2Good"}
		}
	},
	{
		"__comment": "Leaves east-west bottom to top",
		"from": [10,7,7],
		"to": [13,8,9.5],
		"faces": {
			"down":{"uv":	[10.01,8.01,12.99,8.99],"texture":"#block","cullface":"Know2Good"},
			"up":{"uv":		[10.01,8.01,12.99,8.99],"texture":"#block","cullface":"Know2Good"},
			"north":{"uv":	[10.01,8.01,12.99,8.99],"texture":"#block","cullface":"Know2Good","rotation":180},
			"south":{"uv":	[10.01,8.01,12.99,8.99],"texture":"#block","cullface":"Know2Good"},
			"west":{"uv":	[10.01,8.01,10.99,8.99],"texture":"#block","cullface":"Know2Good"},
			"east":{"uv":	[12.01,8.01,12.99,8.99],"texture":"#block","cullface":"Know2Good"}
		}
	},
	{
		"__comment": "Leaves east-west bottom to top",
		"from": [7,8,6.5],
		"to": [8,9,10],
		"faces": {
			"down":{"uv":	[7.01,7.01,7.99,7.99],"texture":"#block","cullface":"Know2Good"},
			"up":{"uv":		[7.01,7.01,7.99,7.99],"texture":"#block","cullface":"Know2Good"},
			"north":{"uv":	[7.01,7.01,7.99,7.99],"texture":"#block","cullface":"Know2Good"},
			"south":{"uv":	[7.01,7.01,7.99,7.99],"texture":"#block","cullface":"Know2Good"},
			"west":{"uv":	[7.01,7.01,7.99,7.99],"texture":"#block","cullface":"Know2Good"},
			"east":{"uv":	[7.01,7.01,7.99,7.99],"texture":"#block","cullface":"Know2Good"}
		}
	},
	{
		"__comment": "Leaves east-west bottom to top",
		"from": [8,8,7],
		"to": [10,9,9.5],
		"faces": {
			"down":{"uv":	[8.01,7.01,9.99,7.99],"texture":"#block","cullface":"Know2Good"},
			"up":{"uv":		[8.01,7.01,9.99,7.99],"texture":"#block","cullface":"Know2Good"},
			"north":{"uv":	[8.01,7.01,9.99,7.99],"texture":"#block","cullface":"Know2Good","rotation":180},
			"south":{"uv":	[8.01,7.01,9.99,7.99],"texture":"#block","cullface":"Know2Good"},
			"west":{"uv":	[8.01,7.01,8.99,7.99],"texture":"#block","cullface":"Know2Good"},
			"east":{"uv":	[9.01,7.01,9.99,7.99],"texture":"#block","cullface":"Know2Good"}
		}
	},
	{
		"__comment": "Leaves east-west bottom to top",
		"from": [10,8,6.5],
		"to": [13,9,10],
		"faces": {
			"down":{"uv":	[10.01,7.01,12.99,7.99],"texture":"#block","cullface":"Know2Good"},
			"up":{"uv":		[10.01,7.01,12.99,7.99],"texture":"#block","cullface":"Know2Good"},
			"north":{"uv":	[10.01,7.01,12.99,7.99],"texture":"#block","cullface":"Know2Good","rotation":180},
			"south":{"uv":	[10.01,7.01,12.99,7.99],"texture":"#block","cullface":"Know2Good"},
			"west":{"uv":	[10.01,7.01,10.99,7.99],"texture":"#block","cullface":"Know2Good"},
			"east":{"uv":	[12.01,7.01,12.99,7.99],"texture":"#block","cullface":"Know2Good"}
		}
	},
	{
		"__comment": "Leaves east-west bottom to top",
		"from": [13,8,7],
		"to": [14,9,9.5],
		"faces": {
			"down":{"uv":	[13.01,7.01,13.99,7.99],"texture":"#block","cullface":"Know2Good"},
			"up":{"uv":		[13.01,7.01,13.99,7.99],"texture":"#block","cullface":"Know2Good"},
			"north":{"uv":	[13.01,7.01,13.99,7.99],"texture":"#block","cullface":"Know2Good"},
			"south":{"uv":	[13.01,7.01,13.99,7.99],"texture":"#block","cullface":"Know2Good"},
			"west":{"uv":	[13.01,7.01,13.99,7.99],"texture":"#block","cullface":"Know2Good"},
			"east":{"uv":	[13.01,7.01,13.99,7.99],"texture":"#block","cullface":"Know2Good"}
		}
	},
	{
		"__comment": "Leaves east-west bottom to top",
		"from": [10,9,7],
		"to": [11,10,9.5],
		"faces": {
			"down":{"uv":	[10.01,6.01,10.99,6.99],"texture":"#block","cullface":"Know2Good"},
			"up":{"uv":		[10.01,6.01,10.99,6.99],"texture":"#block","cullface":"Know2Good"},
			"north":{"uv":	[10.01,6.01,10.99,6.99],"texture":"#block","cullface":"Know2Good"},
			"south":{"uv":	[10.01,6.01,10.99,6.99],"texture":"#block","cullface":"Know2Good"},
			"west":{"uv":	[10.01,6.01,10.99,6.99],"texture":"#block","cullface":"Know2Good"},
			"east":{"uv":	[10.01,6.01,10.99,6.99],"texture":"#block","cullface":"Know2Good"}
		}
	},
	{
		"__comment": "Leaves east-west bottom to top",
		"from": [11,9,6.5],
		"to": [12,10,10],
		"faces": {
			"down":{"uv":	[11.01,6.01,11.99,6.99],"texture":"#block","cullface":"Know2Good"},
			"up":{"uv":		[11.01,6.01,11.99,6.99],"texture":"#block","cullface":"Know2Good"},
			"north":{"uv":	[11.01,6.01,11.99,6.99],"texture":"#block","cullface":"Know2Good"},
			"south":{"uv":	[11.01,6.01,11.99,6.99],"texture":"#block","cullface":"Know2Good"},
			"west":{"uv":	[11.01,6.01,11.99,6.99],"texture":"#block","cullface":"Know2Good"},
			"east":{"uv":	[11.01,6.01,11.99,6.99],"texture":"#block","cullface":"Know2Good"}
		}
	},
	{
		"__comment": "Leaves east-west bottom to top",
		"from": [12,9,7],
		"to": [13,10,9.5],
		"faces": {
			"down":{"uv":	[12.01,6.01,12.99,6.99],"texture":"#block","cullface":"Know2Good"},
			"up":{"uv":		[12.01,6.01,12.99,6.99],"texture":"#block","cullface":"Know2Good"},
			"north":{"uv":	[12.01,6.01,12.99,6.99],"texture":"#block","cullface":"Know2Good"},
			"south":{"uv":	[12.01,6.01,12.99,6.99],"texture":"#block","cullface":"Know2Good"},
			"west":{"uv":	[12.01,6.01,12.99,6.99],"texture":"#block","cullface":"Know2Good"},
			"east":{"uv":	[12.01,6.01,12.99,6.99],"texture":"#block","cullface":"Know2Good"}
		}
	},
	{
		"__comment": "Leaves east-west bottom to top",
		"from": [13,9,6.5],
		"to": [14,10,10],
		"faces": {
			"down":{"uv":	[13.01,6.01,13.99,6.99],"texture":"#block","cullface":"Know2Good"},
			"up":{"uv":		[13.01,6.01,13.99,6.99],"texture":"#block","cullface":"Know2Good"},
			"north":{"uv":	[13.01,6.01,13.99,6.99],"texture":"#block","cullface":"Know2Good"},
			"south":{"uv":	[13.01,6.01,13.99,6.99],"texture":"#block","cullface":"Know2Good"},
			"west":{"uv":	[13.01,6.01,13.99,6.99],"texture":"#block","cullface":"Know2Good"},
			"east":{"uv":	[13.01,6.01,13.99,6.99],"texture":"#block","cullface":"Know2Good"}
		}
	},
	{
		"__comment": "Leaves east-west bottom to top",
		"from": [11,10,7],
		"to": [12,11,9.5],
		"faces": {
			"down":{"uv":	[11.01,5.01,11.99,5.99],"texture":"#block","cullface":"Know2Good"},
			"up":{"uv":		[11.01,5.01,11.99,5.99],"texture":"#block","cullface":"Know2Good"},
			"north":{"uv":	[11.01,5.01,11.99,5.99],"texture":"#block","cullface":"Know2Good"},
			"south":{"uv":	[11.01,5.01,11.99,5.99],"texture":"#block","cullface":"Know2Good"},
			"west":{"uv":	[11.01,5.01,11.99,5.99],"texture":"#block","cullface":"Know2Good"},
			"east":{"uv":	[11.01,5.01,11.99,5.99],"texture":"#block","cullface":"Know2Good"}
		}
	},
	{
		"__comment": "Leaves east-west bottom to top",
		"from": [12,11,7],
		"to": [13,12,9.5],
		"faces": {
			"down":{"uv":	[12.01,4.01,12.99,4.99],"texture":"#block","cullface":"Know2Good"},
			"up":{"uv":		[12.01,4.01,12.99,4.99],"texture":"#block","cullface":"Know2Good"},
			"north":{"uv":	[12.01,4.01,12.99,4.99],"texture":"#block","cullface":"Know2Good"},
			"south":{"uv":	[12.01,4.01,12.99,4.99],"texture":"#block","cullface":"Know2Good"},
			"west":{"uv":	[12.01,4.01,12.99,4.99],"texture":"#block","cullface":"Know2Good"},
			"east":{"uv":	[12.01,4.01,12.99,4.99],"texture":"#block","cullface":"Know2Good"}
		}
	},
	{
		"__comment": "Leaves east-west bottom to top",
		"from": [1,11,7],
		"to": [3,12,9.5],
		"faces": {
			"down":{"uv":	[1.01,4.01,2.99,4.99],"texture":"#block","cullface":"Know2Good"},
			"up":{"uv":		[1.01,4.01,2.99,4.99],"texture":"#block","cullface":"Know2Good"},
			"north":{"uv":	[1.01,4.01,2.99,4.99],"texture":"#block","cullface":"Know2Good","rotation":180},
			"south":{"uv":	[1.01,4.01,2.99,4.99],"texture":"#block","cullface":"Know2Good"},
			"west":{"uv":	[1.01,4.01,2.99,4.99],"texture":"#block","cullface":"Know2Good"},
			"east":{"uv":	[1.01,4.01,2.99,4.99],"texture":"#block","cullface":"Know2Good"}
		}
	},
	{
		"__comment": "Leaves east-west bottom to top",
		"from": [4,11,6.5],
		"to": [5,12,10],
		"faces": {
			"down":{"uv":	[4.01,4.01,4.99,4.99],"texture":"#block","cullface":"Know2Good"},
			"up":{"uv":		[4.01,4.01,4.99,4.99],"texture":"#block","cullface":"Know2Good"},
			"north":{"uv":	[4.01,4.01,4.99,4.99],"texture":"#block","cullface":"Know2Good"},
			"south":{"uv":	[4.01,4.01,4.99,4.99],"texture":"#block","cullface":"Know2Good"},
			"west":{"uv":	[4.01,4.01,4.99,4.99],"texture":"#block","cullface":"Know2Good"},
			"east":{"uv":	[4.01,4.01,4.99,4.99],"texture":"#block","cullface":"Know2Good"}
		}
	},
	{
		"__comment": "Leaves east-west bottom to top",
		"from": [2,10,6.5],
		"to": [3,11,10],
		"faces": {
			"down":{"uv":	[2.01,5.01,2.99,5.99],"texture":"#block","cullface":"Know2Good"},
			"up":{"uv":		[2.01,5.01,2.99,5.99],"texture":"#block","cullface":"Know2Good"},
			"north":{"uv":	[2.01,5.01,2.99,5.99],"texture":"#block","cullface":"Know2Good"},
			"south":{"uv":	[2.01,5.01,2.99,5.99],"texture":"#block","cullface":"Know2Good"},
			"west":{"uv":	[2.01,5.01,2.99,5.99],"texture":"#block","cullface":"Know2Good"},
			"east":{"uv":	[2.01,5.01,2.99,5.99],"texture":"#block","cullface":"Know2Good"}
		}
	},
	{
		"__comment": "Leaves east-west bottom to top",
		"from": [3,10,7],
		"to": [6,11,9.5],
		"faces": {
			"down":{"uv":	[3.01,5.01,5.99,5.99],"texture":"#block","cullface":"Know2Good"},
			"up":{"uv":		[3.01,5.01,5.99,5.99],"texture":"#block","cullface":"Know2Good"},
			"north":{"uv":	[3.01,5.01,5.99,5.99],"texture":"#block","cullface":"Know2Good","rotation":180},
			"south":{"uv":	[3.01,5.01,5.99,5.99],"texture":"#block","cullface":"Know2Good"},
			"west":{"uv":	[3.01,5.01,3.99,5.99],"texture":"#block","cullface":"Know2Good"},
			"east":{"uv":	[5.01,5.01,5.99,5.99],"texture":"#block","cullface":"Know2Good"}
		}
	},
	{
		"__comment": "Leaves east-west bottom to top",
		"from": [4,9,7],
		"to": [8,10,9.5],
		"faces": {
			"down":{"uv":	[4.01,6.01,7.99,6.99],"texture":"#block","cullface":"Know2Good"},
			"up":{"uv":		[4.01,6.01,7.99,6.99],"texture":"#block","cullface":"Know2Good"},
			"north":{"uv":	[4.01,6.01,7.99,6.99],"texture":"#block","cullface":"Know2Good","rotation":180},
			"south":{"uv":	[4.01,6.01,7.99,6.99],"texture":"#block","cullface":"Know2Good"},
			"west":{"uv":	[4.01,6.01,4.99,6.99],"texture":"#block","cullface":"Know2Good"},
			"east":{"uv":	[7.01,6.01,7.99,6.99],"texture":"#block","cullface":"Know2Good"}
		}
	},
	{
		"__comment": "Leaves east-west bottom to top",
		"from": [2,14,7],
		"to": [4,15,9.5],
		"faces": {
			"down":{"uv":	[2.01,1.01,3.99,1.99],"texture":"#block","cullface":"Know2Good"},
			"up":{"uv":		[2.01,1.01,3.99,1.99],"texture":"#block","cullface":"Know2Good"},
			"north":{"uv":	[2.01,1.01,3.99,1.99],"texture":"#block","cullface":"Know2Good","rotation":180},
			"south":{"uv":	[2.01,1.01,3.99,1.99],"texture":"#block","cullface":"Know2Good"},
			"west":{"uv":	[2.01,1.01,2.99,1.99],"texture":"#block","cullface":"Know2Good"},
			"east":{"uv":	[3.01,1.01,3.99,1.99],"texture":"#block","cullface":"Know2Good"}
		}
	},
	{
		"__comment": "Leaves east-west bottom to top",
		"from": [3,13,6.5],
		"to": [4,14,10],
		"faces": {
			"down":{"uv":	[3.01,2.01,3.99,2.99],"texture":"#block","cullface":"Know2Good"},
			"up":{"uv":		[3.01,2.01,3.99,2.99],"texture":"#block","cullface":"Know2Good"},
			"north":{"uv":	[3.01,2.01,3.99,2.99],"texture":"#block","cullface":"Know2Good"},
			"south":{"uv":	[3.01,2.01,3.99,2.99],"texture":"#block","cullface":"Know2Good"},
			"west":{"uv":	[3.01,2.01,3.99,2.99],"texture":"#block","cullface":"Know2Good"},
			"east":{"uv":	[3.01,2.01,3.99,2.99],"texture":"#block","cullface":"Know2Good"}
		}
	},
	{
		"__comment": "Leaves east-west bottom to top",
		"from": [4,13,7],
		"to": [5,14,9.5],
		"faces": {
			"down":{"uv":	[4.01,2.01,4.99,2.99],"texture":"#block","cullface":"Know2Good"},
			"up":{"uv":		[4.01,2.01,4.99,2.99],"texture":"#block","cullface":"Know2Good"},
			"north":{"uv":	[4.01,2.01,4.99,2.99],"texture":"#block","cullface":"Know2Good"},
			"south":{"uv":	[4.01,2.01,4.99,2.99],"texture":"#block","cullface":"Know2Good"},
			"west":{"uv":	[4.01,2.01,4.99,2.99],"texture":"#block","cullface":"Know2Good"},
			"east":{"uv":	[4.01,2.01,4.99,2.99],"texture":"#block","cullface":"Know2Good"}
		}
	},
	{
		"__comment": "Leaves east-west bottom to top",
		"from": [3,12,7],
		"to": [4,13,9.5],
		"faces": {
			"down":{"uv":	[3.01,3.01,3.99,3.99],"texture":"#block","cullface":"Know2Good"},
			"up":{"uv":		[3.01,3.01,3.99,3.99],"texture":"#block","cullface":"Know2Good"},
			"north":{"uv":	[3.01,3.01,3.99,3.99],"texture":"#block","cullface":"Know2Good"},
			"south":{"uv":	[3.01,3.01,3.99,3.99],"texture":"#block","cullface":"Know2Good"},
			"west":{"uv":	[3.01,3.01,3.99,3.99],"texture":"#block","cullface":"Know2Good"},
			"east":{"uv":	[3.01,3.01,3.99,3.99],"texture":"#block","cullface":"Know2Good"}
		}
	},
	{
		"__comment": "Leaves east-west bottom to top",
		"from": [7,10,7],
		"to": [8,11,9.5],
		"faces": {
			"down":{"uv":	[7.01,5.01,7.99,5.99],"texture":"#block","cullface":"Know2Good"},
			"up":{"uv":		[7.01,5.01,7.99,5.99],"texture":"#block","cullface":"Know2Good"},
			"north":{"uv":	[7.01,5.01,7.99,5.99],"texture":"#block","cullface":"Know2Good"},
			"south":{"uv":	[7.01,5.01,7.99,5.99],"texture":"#block","cullface":"Know2Good"},
			"west":{"uv":	[7.01,5.01,7.99,5.99],"texture":"#block","cullface":"Know2Good"},
			"east":{"uv":	[7.01,5.01,7.99,5.99],"texture":"#block","cullface":"Know2Good"}
		}
	},
	{
		"__comment": "Leaves east-west bottom to top",
		"from": [6,11,7],
		"to": [9,12,9.5],
		"faces": {
			"down":{"uv":	[6.01,4.01,8.99,4.99],"texture":"#block","cullface":"Know2Good"},
			"up":{"uv":		[6.01,4.01,8.99,4.99],"texture":"#block","cullface":"Know2Good"},
			"north":{"uv":	[6.01,4.01,8.99,4.99],"texture":"#block","cullface":"Know2Good","rotation":180},
			"south":{"uv":	[6.01,4.01,8.99,4.99],"texture":"#block","cullface":"Know2Good"},
			"west":{"uv":	[6.01,4.01,6.99,4.99],"texture":"#block","cullface":"Know2Good"},
			"east":{"uv":	[8.01,4.01,8.99,4.99],"texture":"#block","cullface":"Know2Good"}
		}
	},
	{
		"__comment": "Leaves east-west bottom to top",
		"from": [6,12,6.5],
		"to": [9,13,10],
		"faces": {
			"down":{"uv":	[6.01,3.01,8.99,3.99],"texture":"#block","cullface":"Know2Good"},
			"up":{"uv":		[6.01,3.01,8.99,3.99],"texture":"#block","cullface":"Know2Good"},
			"north":{"uv":	[6.01,3.01,8.99,3.99],"texture":"#block","cullface":"Know2Good","rotation":180},
			"south":{"uv":	[6.01,3.01,8.99,3.99],"texture":"#block","cullface":"Know2Good"},
			"west":{"uv":	[6.01,3.01,6.99,3.99],"texture":"#block","cullface":"Know2Good"},
			"east":{"uv":	[8.01,3.01,8.99,3.99],"texture":"#block","cullface":"Know2Good"}
		}
	},
	{
		"__comment": "Leaves east-west bottom to top",
		"from": [9,12,7],
		"to": [12,13,9.5],
		"faces": {
			"down":{"uv":	[9.01,3.01,11.99,3.99],"texture":"#block","cullface":"Know2Good"},
			"up":{"uv":		[9.01,3.01,11.99,3.99],"texture":"#block","cullface":"Know2Good"},
			"north":{"uv":	[9.01,3.01,11.99,3.99],"texture":"#block","cullface":"Know2Good","rotation":180},
			"south":{"uv":	[9.01,3.01,11.99,3.99],"texture":"#block","cullface":"Know2Good"},
			"west":{"uv":	[9.01,3.01,9.99,3.99],"texture":"#block","cullface":"Know2Good"},
			"east":{"uv":	[11.01,3.01,11.99,3.99],"texture":"#block","cullface":"Know2Good"}
		}
	},
	{
		"__comment": "Leaves east-west bottom to top",
		"from": [8,13,7],
		"to": [10,14,9.5],
		"faces": {
			"down":{"uv":	[8.01,2.01,9.99,2.99],"texture":"#block","cullface":"Know2Good"},
			"up":{"uv":		[8.01,2.01,9.99,2.99],"texture":"#block","cullface":"Know2Good"},
			"north":{"uv":	[8.01,2.01,9.99,2.99],"texture":"#block","cullface":"Know2Good","rotation":180},
			"south":{"uv":	[8.01,2.01,9.99,2.99],"texture":"#block","cullface":"Know2Good"},
			"west":{"uv":	[8.01,2.01,8.99,2.99],"texture":"#block","cullface":"Know2Good"},
			"east":{"uv":	[9.01,2.01,9.99,2.99],"texture":"#block","cullface":"Know2Good"}
		}
	},
	{
		"__comment": "Leaves east-west bottom to top",
		"from": [10,13,6.5],
		"to": [11,15,10],
		"faces": {
			"down":{"uv":	[10.01,2.01,10.99,2.99],"texture":"#block","cullface":"Know2Good"},
			"up":{"uv":		[10.01,1.01,10.99,1.99],"texture":"#block","cullface":"Know2Good"},
			"north":{"uv":	[10.01,1.01,10.99,2.99],"texture":"#block","cullface":"Know2Good"},
			"south":{"uv":	[10.01,1.01,10.99,2.99],"texture":"#block","cullface":"Know2Good"},
			"west":{"uv":	[10.01,1.01,10.99,2.99],"texture":"#block","cullface":"Know2Good"},
			"east":{"uv":	[10.01,1.01,10.99,2.99],"texture":"#block","cullface":"Know2Good"}
		}
	},
	{
		"__comment": "Leaves east-west bottom to top",
		"from": [11,13,7],
		"to": [12,14,9.5],
		"faces": {
			"down":{"uv":	[11.01,2.01,11.99,2.99],"texture":"#block","cullface":"Know2Good"},
			"up":{"uv":		[11.01,2.01,11.99,2.99],"texture":"#block","cullface":"Know2Good"},
			"north":{"uv":	[11.01,2.01,11.99,2.99],"texture":"#block","cullface":"Know2Good"},
			"south":{"uv":	[11.01,2.01,11.99,2.99],"texture":"#block","cullface":"Know2Good"},
			"west":{"uv":	[11.01,2.01,11.99,2.99],"texture":"#block","cullface":"Know2Good"},
			"east":{"uv":	[11.01,2.01,11.99,2.99],"texture":"#block","cullface":"Know2Good"}
		}
	},
	{
		"__comment": "Leaves east-west bottom to top",
		"from": [6,13,7],
		"to": [7,14,9.5],
		"faces": {
			"down":{"uv":	[6.01,2.01,6.99,2.99],"texture":"#block","cullface":"Know2Good"},
			"up":{"uv":		[6.01,2.01,6.99,2.99],"texture":"#block","cullface":"Know2Good"},
			"north":{"uv":	[6.01,2.01,6.99,2.99],"texture":"#block","cullface":"Know2Good"},
			"south":{"uv":	[6.01,2.01,6.99,2.99],"texture":"#block","cullface":"Know2Good"},
			"west":{"uv":	[6.01,2.01,6.99,2.99],"texture":"#block","cullface":"Know2Good"},
			"east":{"uv":	[6.01,2.01,6.99,2.99],"texture":"#block","cullface":"Know2Good"}
            }
        }
    ]
}