{
"__comment":"Made by Know2Good, part of the 'Default 3D™' resource pack || Official download page: http://www.planetminecraft.com/texture_pack/default-3d-2985741/ || © Know2Good. All rights reserved. ",
"__comment":"No UV-bleed, OK coordinate, OK texture, OK cullface",

"textures": {
	"block": 	"blocks/deadbush",
	"particle":	"blocks/deadbush"
},
"elements": [
	{
		"__comment": "Stem",
		"from": [6,0,7.5],
		"to": [7,1,8.5],
		"faces": {
			"down":{"uv":	[7.01,15.01,7.99,15.99],"texture":"#block","cullface":"Know2Good"},
			"up":{"uv":		[7.01,15.01,7.99,15.99],"texture":"#block","cullface":"Know2Good"},
			"north":{"uv":	[7.01,15.01,7.99,15.99],"texture":"#block","cullface":"Know2Good"},
			"south":{"uv":	[7.01,15.01,7.99,15.99],"texture":"#block","cullface":"Know2Good"},
			"west":{"uv":	[7.01,15.01,7.99,15.99],"texture":"#block","cullface":"Know2Good"},
			"east":{"uv":	[7.01,15.01,7.99,15.99],"texture":"#block","cullface":"Know2Good"}
		}
	},
	{
		"__comment": "Stem",
		"from": [6,1,8],
		"to": [7,3,9],
		"faces": {
			"down":{"uv":	[7.01,14.01,7.99,14.99],"texture":"#block","cullface":"Know2Good"},
			"up":{"uv":		[7.01,13.01,7.99,13.99],"texture":"#block","cullface":"Know2Good"},
			"north":{"uv":	[7.01,13.01,7.99,14.99],"texture":"#block","cullface":"Know2Good"},
			"south":{"uv":	[7.01,13.01,7.99,14.99],"texture":"#block","cullface":"Know2Good"},
			"west":{"uv":	[7.01,13.01,7.99,14.99],"texture":"#block","cullface":"Know2Good"},
			"east":{"uv":	[7.01,13.01,7.99,14.99],"texture":"#block","cullface":"Know2Good"}
		}
	},
	{
		"__comment": "Stem",
		"from": [6,3,7.5],
		"to": [7,4,8.5],
		"faces": {
			"down":{"uv":	[7.01,12.01,7.99,12.99],"texture":"#block","cullface":"Know2Good"},
			"up":{"uv":		[7.01,12.01,7.99,12.99],"texture":"#block","cullface":"Know2Good"},
			"north":{"uv":	[7.01,12.01,7.99,12.99],"texture":"#block","cullface":"Know2Good"},
			"south":{"uv":	[7.01,12.01,7.99,12.99],"texture":"#block","cullface":"Know2Good"},
			"west":{"uv":	[7.01,12.01,7.99,12.99],"texture":"#block","cullface":"Know2Good"},
			"east":{"uv":	[7.01,12.01,7.99,12.99],"texture":"#block","cullface":"Know2Good"}
		}
	},
	{
		"__comment": "Stem",
		"from": [7,0,8],
		"to": [8,7,9],
		"faces": {
			"up":{"uv":		[8.01,9.01,8.99,9.99],"texture":"#block","cullface":"Know2Good"},
			"north":{"uv":	[8.01,9.01,8.99,15.99],"texture":"#block","cullface":"Know2Good"},
			"south":{"uv":	[8.01,9.01,8.99,15.99],"texture":"#block","cullface":"Know2Good"},
			"west":{"uv":	[8.01,9.01,8.99,15.99],"texture":"#block","cullface":"Know2Good"},
			"east":{"uv":	[8.01,9.01,8.99,15.99],"texture":"#block","cullface":"Know2Good"}
		}
	},
	{
		"__comment": "Stem",
		"from": [8,0,7.5],
		"to": [9,7,8.5],
		"faces": {
			"up":{"uv":		[9.01,9.01,9.99,9.99],"texture":"#block","cullface":"Know2Good"},
			"north":{"uv":	[9.01,9.01,9.99,15.99],"texture":"#block","cullface":"Know2Good"},
			"south":{"uv":	[9.01,9.01,9.99,15.99],"texture":"#block","cullface":"Know2Good"},
			"west":{"uv":	[9.01,9.01,9.99,15.99],"texture":"#block","cullface":"Know2Good"},
			"east":{"uv":	[9.01,9.01,9.99,15.99],"texture":"#block","cullface":"Know2Good"}
		}
	},
	{
		"__comment": "Stem",
		"from": [6,5,8],
		"to": [7,9,9],
		"faces": {
			"down":{"uv":	[7.01,10.01,7.99,10.99],"texture":"#block","cullface":"Know2Good"},
			"up":{"uv":		[7.01,7.01,7.99,7.99],"texture":"#block","cullface":"Know2Good"},
			"north":{"uv":	[7.01,7.01,7.99,10.99],"texture":"#block","cullface":"Know2Good"},
			"south":{"uv":	[7.01,7.01,7.99,10.99],"texture":"#block","cullface":"Know2Good"},
			"west":{"uv":	[7.01,7.01,7.99,10.99],"texture":"#block","cullface":"Know2Good"},
			"east":{"uv":	[7.01,7.01,7.99,10.99],"texture":"#block","cullface":"Know2Good"}
		}
	},
	{
		"__comment": "Stem",
		"from": [7,7,7.5],
		"to": [8,9,8.5],
		"faces": {
			"down":{"uv":	[8.01,8.01,8.99,8.99],"texture":"#block","cullface":"Know2Good"},
			"up":{"uv":		[8.01,7.01,8.99,7.99],"texture":"#block","cullface":"Know2Good"},
			"north":{"uv":	[8.01,7.01,8.99,8.99],"texture":"#block","cullface":"Know2Good"},
			"south":{"uv":	[8.01,7.01,8.99,8.99],"texture":"#block","cullface":"Know2Good"},
			"west":{"uv":	[8.01,7.01,8.99,8.99],"texture":"#block","cullface":"Know2Good"},
			"east":{"uv":	[8.01,7.01,8.99,8.99],"texture":"#block","cullface":"Know2Good"}
		}
	},
	{
		"__comment": "Stem",
		"from": [7,9,8],
		"to": [8,12,9],
		"faces": {
			"down":{"uv":	[8.01,6.01,8.99,6.99],"texture":"#block","cullface":"Know2Good"},
			"up":{"uv":		[8.01,4.01,8.99,4.99],"texture":"#block","cullface":"Know2Good"},
			"north":{"uv":	[8.01,4.01,8.99,6.99],"texture":"#block","cullface":"Know2Good"},
			"south":{"uv":	[8.01,4.01,8.99,6.99],"texture":"#block","cullface":"Know2Good"},
			"west":{"uv":	[8.01,4.01,8.99,6.99],"texture":"#block","cullface":"Know2Good"},
			"east":{"uv":	[8.01,4.01,8.99,6.99],"texture":"#block","cullface":"Know2Good"}
		}
	},
	{
		"__comment": "Stem",
		"from": [7,12,7.5],
		"to": [8,14,8.5],
		"faces": {
			"down":{"uv":	[8.01,3.01,8.99,3.99],"texture":"#block","cullface":"Know2Good"},
			"up":{"uv":		[8.01,2.01,8.99,2.99],"texture":"#block","cullface":"Know2Good"},
			"north":{"uv":	[8.01,2.01,8.99,3.99],"texture":"#block","cullface":"Know2Good"},
			"south":{"uv":	[8.01,2.01,8.99,3.99],"texture":"#block","cullface":"Know2Good"},
			"west":{"uv":	[8.01,2.01,8.99,3.99],"texture":"#block","cullface":"Know2Good"},
			"east":{"uv":	[8.01,2.01,8.99,3.99],"texture":"#block","cullface":"Know2Good"}
		}
	},
	{
		"__comment": "Stem",
		"from": [6,11,8],
		"to": [7,14,9],
		"faces": {
			"down":{"uv":	[7.01,4.01,7.99,4.99],"texture":"#block","cullface":"Know2Good"},
			"up":{"uv":		[7.01,2.01,7.99,2.99],"texture":"#block","cullface":"Know2Good"},
			"north":{"uv":	[7.01,2.01,7.99,4.99],"texture":"#block","cullface":"Know2Good"},
			"south":{"uv":	[7.01,2.01,7.99,4.99],"texture":"#block","cullface":"Know2Good"},
			"west":{"uv":	[7.01,2.01,7.99,4.99],"texture":"#block","cullface":"Know2Good"},
			"east":{"uv":	[7.01,2.01,7.99,4.99],"texture":"#block","cullface":"Know2Good"}
		}
	},
	{
		"__comment": "Stem",
		"from": [7,14,8],
		"to": [8,16,9],
		"faces": {
			"down":{"uv":	[8.01,1.01,8.99,1.99],"texture":"#block","cullface":"Know2Good"},
			"up":{"uv":		[8.01,0.01,8.99,0.99],"texture":"#block","cullface":"Know2Good"},
			"north":{"uv":	[8.01,0.01,8.99,1.99],"texture":"#block","cullface":"Know2Good"},
			"south":{"uv":	[8.01,0.01,8.99,1.99],"texture":"#block","cullface":"Know2Good"},
			"west":{"uv":	[8.01,0.01,8.99,1.99],"texture":"#block","cullface":"Know2Good"},
			"east":{"uv":	[8.01,0.01,8.99,1.99],"texture":"#block","cullface":"Know2Good"}
		}
	},
	{
		"__comment": "Twig north",
		"from": [8,4,6.5],
		"to": [9,6,7.5],
		"faces": {
			"down":{"uv":	[10.01,11.01,10.99,11.99],"texture":"#block","cullface":"Know2Good"},
			"up":{"uv":		[10.01,10.01,10.99,10.99],"texture":"#block","cullface":"Know2Good"},
			"north":{"uv":	[10.01,10.01,10.99,11.99],"texture":"#block","cullface":"Know2Good"},
			"south":{"uv":	[10.01,10.01,10.99,11.99],"texture":"#block","cullface":"Know2Good"},
			"west":{"uv":	[10.01,10.01,10.99,11.99],"texture":"#block","cullface":"Know2Good"},
			"east":{"uv":	[10.01,10.01,10.99,11.99],"texture":"#block","cullface":"Know2Good"}
		}
	},
	{
		"__comment": "Twig north",
		"from": [8.5,6,5.5],
		"to": [9.5,7,7.5],
		"faces": {
			"down":{"uv":	[10.01,9.01,11.99,9.99],"texture":"#block","cullface":"Know2Good","rotation":90},
			"up":{"uv":		[10.01,9.01,11.99,9.99],"texture":"#block","cullface":"Know2Good","rotation":270},
			"north":{"uv":	[11.01,9.01,11.99,9.99],"texture":"#block","cullface":"Know2Good"},
			"south":{"uv":	[10.01,9.01,10.99,9.99],"texture":"#block","cullface":"Know2Good"},
			"west":{"uv":	[10.01,9.01,11.99,9.99],"texture":"#block","cullface":"Know2Good","rotation":180},
			"east":{"uv":	[10.01,9.01,11.99,9.99],"texture":"#block","cullface":"Know2Good"}
		}
	},
	{
		"__comment": "Twig north",
		"from": [8,7,5.5],
		"to": [9,8,6.5],
		"faces": {
			"down":{"uv":	[11.01,8.01,11.99,8.99],"texture":"#block","cullface":"Know2Good"},
			"up":{"uv":		[11.01,8.01,11.99,8.99],"texture":"#block","cullface":"Know2Good"},
			"north":{"uv":	[11.01,8.01,11.99,8.99],"texture":"#block","cullface":"Know2Good"},
			"south":{"uv":	[11.01,8.01,11.99,8.99],"texture":"#block","cullface":"Know2Good"},
			"west":{"uv":	[11.01,8.01,11.99,8.99],"texture":"#block","cullface":"Know2Good"},
			"east":{"uv":	[11.01,8.01,11.99,8.99],"texture":"#block","cullface":"Know2Good"}
		}
	},
	{
		"__comment": "Twig north",
		"from": [9,6,3.5],
		"to": [10,7,5.5],
		"faces": {
			"down":{"uv":	[12.01,9.01,13.99,9.99],"texture":"#block","cullface":"Know2Good","rotation":90},
			"up":{"uv":		[12.01,9.01,13.99,9.99],"texture":"#block","cullface":"Know2Good","rotation":270},
			"north":{"uv":	[13.01,9.01,13.99,9.99],"texture":"#block","cullface":"Know2Good"},
			"south":{"uv":	[12.01,9.01,12.99,9.99],"texture":"#block","cullface":"Know2Good"},
			"west":{"uv":	[12.01,9.01,13.99,9.99],"texture":"#block","cullface":"Know2Good","rotation":180},
			"east":{"uv":	[12.01,9.01,13.99,9.99],"texture":"#block","cullface":"Know2Good"}
		}
	},
	{
		"__comment": "Twig north",
		"from": [8.5,5,3.5],
		"to": [9.5,6,5.5],
		"faces": {
			"down":{"uv":	[12.01,10.01,13.99,10.99],"texture":"#block","cullface":"Know2Good","rotation":90},
			"up":{"uv":		[12.01,10.01,13.99,10.99],"texture":"#block","cullface":"Know2Good","rotation":270},
			"north":{"uv":	[13.01,10.01,13.99,10.99],"texture":"#block","cullface":"Know2Good"},
			"south":{"uv":	[12.01,10.01,12.99,10.99],"texture":"#block","cullface":"Know2Good"},
			"west":{"uv":	[12.01,10.01,13.99,10.99],"texture":"#block","cullface":"Know2Good","rotation":180},
			"east":{"uv":	[12.01,10.01,13.99,10.99],"texture":"#block","cullface":"Know2Good"}
		}
	},
	{
		"__comment": "Twig north",
		"from": [9.5,4,2.5],
		"to": [10.5,6,3.5],
		"faces": {
			"down":{"uv":	[14.01,11.01,14.99,11.99],"texture":"#block","cullface":"Know2Good"},
			"up":{"uv":		[14.01,10.01,14.99,10.99],"texture":"#block","cullface":"Know2Good"},
			"north":{"uv":	[14.01,10.01,14.99,11.99],"texture":"#block","cullface":"Know2Good"},
			"south":{"uv":	[14.01,10.01,14.99,11.99],"texture":"#block","cullface":"Know2Good"},
			"west":{"uv":	[14.01,10.01,14.99,11.99],"texture":"#block","cullface":"Know2Good"},
			"east":{"uv":	[14.01,10.01,14.99,11.99],"texture":"#block","cullface":"Know2Good"}
		}
	},
	{
		"__comment": "Twig north",
		"from": [6.5,8,7],
		"to": [7.5,9,8],
		"faces": {
			"down":{"uv":	[9.01,7.01,9.99,7.99],"texture":"#block","cullface":"Know2Good"},
			"up":{"uv":		[9.01,7.01,9.99,7.99],"texture":"#block","cullface":"Know2Good"},
			"north":{"uv":	[9.01,7.01,9.99,7.99],"texture":"#block","cullface":"Know2Good"},
			"south":{"uv":	[9.01,7.01,9.99,7.99],"texture":"#block","cullface":"Know2Good"},
			"west":{"uv":	[9.01,7.01,9.99,7.99],"texture":"#block","cullface":"Know2Good"},
			"east":{"uv":	[9.01,7.01,9.99,7.99],"texture":"#block","cullface":"Know2Good"}
		}
	},
	{
		"__comment": "Twig north",
		"from": [6.5,9,6],
		"to": [7.5,10,8],
		"faces": {
			"down":{"uv":	[9.01,6.01,10.99,6.99],"texture":"#block","cullface":"Know2Good","rotation":90},
			"up":{"uv":		[9.01,6.01,10.99,6.99],"texture":"#block","cullface":"Know2Good","rotation":270},
			"north":{"uv":	[10.01,6.01,10.99,6.99],"texture":"#block","cullface":"Know2Good"},
			"south":{"uv":	[9.01,6.01,9.99,6.99],"texture":"#block","cullface":"Know2Good"},
			"west":{"uv":	[9.01,6.01,10.99,6.99],"texture":"#block","cullface":"Know2Good","rotation":180},
			"east":{"uv":	[9.01,6.01,10.99,6.99],"texture":"#block","cullface":"Know2Good"}
		}
	},
	{
		"__comment": "Twig north",
		"from": [7,10,6],
		"to": [8,11,8],
		"faces": {
			"down":{"uv":	[9.01,5.01,10.99,5.99],"texture":"#block","cullface":"Know2Good","rotation":90},
			"up":{"uv":		[9.01,5.01,10.99,5.99],"texture":"#block","cullface":"Know2Good","rotation":270},
			"north":{"uv":	[10.01,5.01,10.99,5.99],"texture":"#block","cullface":"Know2Good"},
			"south":{"uv":	[9.01,5.01,9.99,5.99],"texture":"#block","cullface":"Know2Good"},
			"west":{"uv":	[9.01,5.01,10.99,5.99],"texture":"#block","cullface":"Know2Good","rotation":180},
			"east":{"uv":	[9.01,5.01,10.99,5.99],"texture":"#block","cullface":"Know2Good"}
		}
	},
	{
		"__comment": "Twig north",
		"from": [6.5,11,6],
		"to": [7.5,12,8],
		"faces": {
			"down":{"uv":	[9.01,4.01,10.99,4.99],"texture":"#block","cullface":"Know2Good","rotation":90},
			"up":{"uv":		[9.01,4.01,10.99,4.99],"texture":"#block","cullface":"Know2Good","rotation":270},
			"north":{"uv":	[10.01,4.01,10.99,4.99],"texture":"#block","cullface":"Know2Good"},
			"south":{"uv":	[9.01,4.01,9.99,4.99],"texture":"#block","cullface":"Know2Good"},
			"west":{"uv":	[9.01,4.01,10.99,4.99],"texture":"#block","cullface":"Know2Good","rotation":180},
			"east":{"uv":	[9.01,4.01,10.99,4.99],"texture":"#block","cullface":"Know2Good"}
		}
	},
	{
		"__comment": "Twig north",
		"from": [6.5,10,5],
		"to": [7.5,11,6],
		"faces": {
			"down":{"uv":	[11.01,5.01,11.99,5.99],"texture":"#block","cullface":"Know2Good"},
			"up":{"uv":		[11.01,5.01,11.99,5.99],"texture":"#block","cullface":"Know2Good"},
			"north":{"uv":	[11.01,5.01,11.99,5.99],"texture":"#block","cullface":"Know2Good"},
			"south":{"uv":	[11.01,5.01,11.99,5.99],"texture":"#block","cullface":"Know2Good"},
			"west":{"uv":	[11.01,5.01,11.99,5.99],"texture":"#block","cullface":"Know2Good"},
			"east":{"uv":	[11.01,5.01,11.99,5.99],"texture":"#block","cullface":"Know2Good"}
		}
	},
	{
		"__comment": "Twig north",
		"from": [7,11,5],
		"to": [8,12,6],
		"faces": {
			"down":{"uv":	[11.01,4.01,11.99,4.99],"texture":"#block","cullface":"Know2Good"},
			"up":{"uv":		[11.01,4.01,11.99,4.99],"texture":"#block","cullface":"Know2Good"},
			"north":{"uv":	[11.01,4.01,11.99,4.99],"texture":"#block","cullface":"Know2Good"},
			"south":{"uv":	[11.01,4.01,11.99,4.99],"texture":"#block","cullface":"Know2Good"},
			"west":{"uv":	[11.01,4.01,11.99,4.99],"texture":"#block","cullface":"Know2Good"},
			"east":{"uv":	[11.01,4.01,11.99,4.99],"texture":"#block","cullface":"Know2Good"}
		}
	},
	{
		"__comment": "Twig north",
		"from": [6,9,4],
		"to": [7,11,5],
		"faces": {
			"down":{"uv":	[12.01,6.01,12.99,6.99],"texture":"#block","cullface":"Know2Good"},
			"up":{"uv":		[12.01,5.01,12.99,5.99],"texture":"#block","cullface":"Know2Good"},
			"north":{"uv":	[12.01,5.01,12.99,6.99],"texture":"#block","cullface":"Know2Good"},
			"south":{"uv":	[12.01,5.01,12.99,6.99],"texture":"#block","cullface":"Know2Good"},
			"west":{"uv":	[12.01,5.01,12.99,6.99],"texture":"#block","cullface":"Know2Good"},
			"east":{"uv":	[12.01,5.01,12.99,6.99],"texture":"#block","cullface":"Know2Good"}
		}
	},
	{
		"__comment": "Twig north",
		"from": [6.5,11,4],
		"to": [7.5,14,5],
		"faces": {
			"down":{"uv":	[12.01,4.01,12.99,4.99],"texture":"#block","cullface":"Know2Good"},
			"up":{"uv":		[12.01,2.01,12.99,2.99],"texture":"#block","cullface":"Know2Good"},
			"north":{"uv":	[12.01,2.01,12.99,4.99],"texture":"#block","cullface":"Know2Good"},
			"south":{"uv":	[12.01,2.01,12.99,4.99],"texture":"#block","cullface":"Know2Good"},
			"west":{"uv":	[12.01,2.01,12.99,4.99],"texture":"#block","cullface":"Know2Good"},
			"east":{"uv":	[12.01,2.01,12.99,4.99],"texture":"#block","cullface":"Know2Good"}
		}
	},
	{
		"__comment": "Twig north",
		"from": [6.5,10,3],
		"to": [7.5,11,4],
		"faces": {
			"down":{"uv":	[13.01,5.01,13.99,5.99],"texture":"#block","cullface":"Know2Good"},
			"up":{"uv":		[13.01,5.01,13.99,5.99],"texture":"#block","cullface":"Know2Good"},
			"north":{"uv":	[13.01,5.01,13.99,5.99],"texture":"#block","cullface":"Know2Good"},
			"south":{"uv":	[13.01,5.01,13.99,5.99],"texture":"#block","cullface":"Know2Good"},
			"west":{"uv":	[13.01,5.01,13.99,5.99],"texture":"#block","cullface":"Know2Good"},
			"east":{"uv":	[13.01,5.01,13.99,5.99],"texture":"#block","cullface":"Know2Good"}
		}
	},
	{
		"__comment": "Twig north",
		"from": [6,12,3],
		"to": [7,13,4],
		"faces": {
			"down":{"uv":	[13.01,3.01,13.99,3.99],"texture":"#block","cullface":"Know2Good"},
			"up":{"uv":		[13.01,3.01,13.99,3.99],"texture":"#block","cullface":"Know2Good"},
			"north":{"uv":	[13.01,3.01,13.99,3.99],"texture":"#block","cullface":"Know2Good"},
			"south":{"uv":	[13.01,3.01,13.99,3.99],"texture":"#block","cullface":"Know2Good"},
			"west":{"uv":	[13.01,3.01,13.99,3.99],"texture":"#block","cullface":"Know2Good"},
			"east":{"uv":	[13.01,3.01,13.99,3.99],"texture":"#block","cullface":"Know2Good"}
		}
	},
	{
		"__comment": "Twig east",
		"from": [9,4,7.5],
		"to": [10,6,8.5],
		"faces": {
			"down":{"uv":	[10.01,11.01,10.99,11.99],"texture":"#block","cullface":"Know2Good"},
			"up":{"uv":		[10.01,10.01,10.99,10.99],"texture":"#block","cullface":"Know2Good"},
			"north":{"uv":	[10.01,10.01,10.99,11.99],"texture":"#block","cullface":"Know2Good"},
			"south":{"uv":	[10.01,10.01,10.99,11.99],"texture":"#block","cullface":"Know2Good"},
			"west":{"uv":	[10.01,10.01,10.99,11.99],"texture":"#block","cullface":"Know2Good"},
			"east":{"uv":	[10.01,10.01,10.99,11.99],"texture":"#block","cullface":"Know2Good"}
		}
	},
	{
		"__comment": "Twig east",
		"from": [9,6,8],
		"to": [11,7,9],
		"faces": {
			"down":{"uv":	[10.01,9.01,11.99,9.99],"texture":"#block","cullface":"Know2Good"},
			"up":{"uv":		[10.01,9.01,11.99,9.99],"texture":"#block","cullface":"Know2Good"},
			"north":{"uv":	[10.01,9.01,11.99,9.99],"texture":"#block","cullface":"Know2Good","rotation":180},
			"south":{"uv":	[10.01,9.01,11.99,9.99],"texture":"#block","cullface":"Know2Good"},
			"west":{"uv":	[10.01,9.01,10.99,9.99],"texture":"#block","cullface":"Know2Good"},
			"east":{"uv":	[11.01,9.01,11.99,9.99],"texture":"#block","cullface":"Know2Good"}
		}
	},
	{
		"__comment": "Twig east",
		"from": [10,7,7.5],
		"to": [11,8,8.5],
		"faces": {
			"down":{"uv":	[11.01,8.01,11.99,8.99],"texture":"#block","cullface":"Know2Good"},
			"up":{"uv":		[11.01,8.01,11.99,8.99],"texture":"#block","cullface":"Know2Good"},
			"north":{"uv":	[11.01,8.01,11.99,8.99],"texture":"#block","cullface":"Know2Good"},
			"south":{"uv":	[11.01,8.01,11.99,8.99],"texture":"#block","cullface":"Know2Good"},
			"west":{"uv":	[11.01,8.01,11.99,8.99],"texture":"#block","cullface":"Know2Good"},
			"east":{"uv":	[11.01,8.01,11.99,8.99],"texture":"#block","cullface":"Know2Good"}
		}
	},
	{
		"__comment": "Twig east",
		"from": [11,6,8.5],
		"to": [13,7,9.5],
		"faces": {
			"down":{"uv":	[12.01,9.01,13.99,9.99],"texture":"#block","cullface":"Know2Good"},
			"up":{"uv":		[12.01,9.01,13.99,9.99],"texture":"#block","cullface":"Know2Good"},
			"north":{"uv":	[12.01,9.01,13.99,9.99],"texture":"#block","cullface":"Know2Good","rotation":180},
			"south":{"uv":	[12.01,9.01,13.99,9.99],"texture":"#block","cullface":"Know2Good"},
			"west":{"uv":	[12.01,9.01,12.99,9.99],"texture":"#block","cullface":"Know2Good"},
			"east":{"uv":	[13.01,9.01,13.99,9.99],"texture":"#block","cullface":"Know2Good"}
		}
	},
	{
		"__comment": "Twig east",
		"from": [11,5,8],
		"to": [13,6,9],
		"faces": {
			"down":{"uv":	[12.01,10.01,13.99,10.99],"texture":"#block","cullface":"Know2Good"},
			"up":{"uv":		[12.01,10.01,13.99,10.99],"texture":"#block","cullface":"Know2Good"},
			"north":{"uv":	[12.01,10.01,13.99,10.99],"texture":"#block","cullface":"Know2Good","rotation":180},
			"south":{"uv":	[12.01,10.01,13.99,10.99],"texture":"#block","cullface":"Know2Good"},
			"west":{"uv":	[12.01,10.01,12.99,10.99],"texture":"#block","cullface":"Know2Good"},
			"east":{"uv":	[13.01,10.01,13.99,10.99],"texture":"#block","cullface":"Know2Good"}
		}
	},
	{
		"__comment": "Twig east",
		"from": [13,4,9],
		"to": [14,6,10],
		"faces": {
			"down":{"uv":	[14.01,11.01,14.99,11.99],"texture":"#block","cullface":"Know2Good"},
			"up":{"uv":		[14.01,10.01,14.99,10.99],"texture":"#block","cullface":"Know2Good"},
			"north":{"uv":	[14.01,10.01,14.99,11.99],"texture":"#block","cullface":"Know2Good"},
			"south":{"uv":	[14.01,10.01,14.99,11.99],"texture":"#block","cullface":"Know2Good"},
			"west":{"uv":	[14.01,10.01,14.99,11.99],"texture":"#block","cullface":"Know2Good"},
			"east":{"uv":	[14.01,10.01,14.99,11.99],"texture":"#block","cullface":"Know2Good"}
		}
	},
	{
		"__comment": "Twig east",
		"from": [8,8,7.5],
		"to": [9,9,8.5],
		"faces": {
			"down":{"uv":	[9.01,7.01,9.99,7.99],"texture":"#block","cullface":"Know2Good"},
			"up":{"uv":		[9.01,7.01,9.99,7.99],"texture":"#block","cullface":"Know2Good"},
			"north":{"uv":	[9.01,7.01,9.99,7.99],"texture":"#block","cullface":"Know2Good"},
			"south":{"uv":	[9.01,7.01,9.99,7.99],"texture":"#block","cullface":"Know2Good"},
			"west":{"uv":	[9.01,7.01,9.99,7.99],"texture":"#block","cullface":"Know2Good"},
			"east":{"uv":	[9.01,7.01,9.99,7.99],"texture":"#block","cullface":"Know2Good"}
		}
	},
	{
		"__comment": "Twig east",
		"from": [8,9,7.5],
		"to": [10,10,8.5],
		"faces": {
			"down":{"uv":	[9.01,6.01,10.99,6.99],"texture":"#block","cullface":"Know2Good"},
			"up":{"uv":		[9.01,6.01,10.99,6.99],"texture":"#block","cullface":"Know2Good"},
			"north":{"uv":	[9.01,6.01,10.99,6.99],"texture":"#block","cullface":"Know2Good","rotation":180},
			"south":{"uv":	[9.01,6.01,10.99,6.99],"texture":"#block","cullface":"Know2Good"},
			"west":{"uv":	[9.01,6.01,9.99,6.99],"texture":"#block","cullface":"Know2Good"},
			"east":{"uv":	[10.01,6.01,10.99,6.99],"texture":"#block","cullface":"Know2Good"}
		}
	},
	{
		"__comment": "Twig east",
		"from": [8,10,8],
		"to": [10,11,9],
		"faces": {
			"down":{"uv":	[9.01,5.01,10.99,5.99],"texture":"#block","cullface":"Know2Good"},
			"up":{"uv":		[9.01,5.01,10.99,5.99],"texture":"#block","cullface":"Know2Good"},
			"north":{"uv":	[9.01,5.01,10.99,5.99],"texture":"#block","cullface":"Know2Good","rotation":180},
			"south":{"uv":	[9.01,5.01,10.99,5.99],"texture":"#block","cullface":"Know2Good"},
			"west":{"uv":	[9.01,5.01,9.99,5.99],"texture":"#block","cullface":"Know2Good"},
			"east":{"uv":	[10.01,5.01,10.99,5.99],"texture":"#block","cullface":"Know2Good"}
		}
	},
	{
		"__comment": "Twig east",
		"from": [8,11,7.5],
		"to": [10,12,8.5],
		"faces": {
			"down":{"uv":	[9.01,4.01,10.99,4.99],"texture":"#block","cullface":"Know2Good"},
			"up":{"uv":		[9.01,4.01,10.99,4.99],"texture":"#block","cullface":"Know2Good"},
			"north":{"uv":	[9.01,4.01,10.99,4.99],"texture":"#block","cullface":"Know2Good","rotation":180},
			"south":{"uv":	[9.01,4.01,10.99,4.99],"texture":"#block","cullface":"Know2Good"},
			"west":{"uv":	[9.01,4.01,9.99,4.99],"texture":"#block","cullface":"Know2Good"},
			"east":{"uv":	[10.01,4.01,10.99,4.99],"texture":"#block","cullface":"Know2Good"}
		}
	},
	{
		"__comment": "Twig east",
		"from": [10,10,7.5],
		"to": [11,11,8.5],
		"faces": {
			"down":{"uv":	[11.01,5.01,11.99,5.99],"texture":"#block","cullface":"Know2Good"},
			"up":{"uv":		[11.01,5.01,11.99,5.99],"texture":"#block","cullface":"Know2Good"},
			"north":{"uv":	[11.01,5.01,11.99,5.99],"texture":"#block","cullface":"Know2Good"},
			"south":{"uv":	[11.01,5.01,11.99,5.99],"texture":"#block","cullface":"Know2Good"},
			"west":{"uv":	[11.01,5.01,11.99,5.99],"texture":"#block","cullface":"Know2Good"},
			"east":{"uv":	[11.01,5.01,11.99,5.99],"texture":"#block","cullface":"Know2Good"}
		}
	},
	{
		"__comment": "Twig east",
		"from": [10,11,8],
		"to": [11,12,9],
		"faces": {
			"down":{"uv":	[11.01,4.01,11.99,4.99],"texture":"#block","cullface":"Know2Good"},
			"up":{"uv":		[11.01,4.01,11.99,4.99],"texture":"#block","cullface":"Know2Good"},
			"north":{"uv":	[11.01,4.01,11.99,4.99],"texture":"#block","cullface":"Know2Good"},
			"south":{"uv":	[11.01,4.01,11.99,4.99],"texture":"#block","cullface":"Know2Good"},
			"west":{"uv":	[11.01,4.01,11.99,4.99],"texture":"#block","cullface":"Know2Good"},
			"east":{"uv":	[11.01,4.01,11.99,4.99],"texture":"#block","cullface":"Know2Good"}
		}
	},
	{
		"__comment": "Twig east",
		"from": [11,9,7],
		"to": [12,11,8],
		"faces": {
			"down":{"uv":	[12.01,6.01,12.99,6.99],"texture":"#block","cullface":"Know2Good"},
			"up":{"uv":		[12.01,5.01,12.99,5.99],"texture":"#block","cullface":"Know2Good"},
			"north":{"uv":	[12.01,5.01,12.99,6.99],"texture":"#block","cullface":"Know2Good"},
			"south":{"uv":	[12.01,5.01,12.99,6.99],"texture":"#block","cullface":"Know2Good"},
			"west":{"uv":	[12.01,5.01,12.99,6.99],"texture":"#block","cullface":"Know2Good"},
			"east":{"uv":	[12.01,5.01,12.99,6.99],"texture":"#block","cullface":"Know2Good"}
		}
	},
	{
		"__comment": "Twig east",
		"from": [11,11,7.5],
		"to": [12,14,8.5],
		"faces": {
			"down":{"uv":	[12.01,4.01,12.99,4.99],"texture":"#block","cullface":"Know2Good"},
			"up":{"uv":		[12.01,2.01,12.99,2.99],"texture":"#block","cullface":"Know2Good"},
			"north":{"uv":	[12.01,2.01,12.99,4.99],"texture":"#block","cullface":"Know2Good"},
			"south":{"uv":	[12.01,2.01,12.99,4.99],"texture":"#block","cullface":"Know2Good"},
			"west":{"uv":	[12.01,2.01,12.99,4.99],"texture":"#block","cullface":"Know2Good"},
			"east":{"uv":	[12.01,2.01,12.99,4.99],"texture":"#block","cullface":"Know2Good"}
		}
	},
	{
		"__comment": "Twig east",
		"from": [12,10,7.5],
		"to": [13,11,8.5],
		"faces": {
			"down":{"uv":	[13.01,5.01,13.99,5.99],"texture":"#block","cullface":"Know2Good"},
			"up":{"uv":		[13.01,5.01,13.99,5.99],"texture":"#block","cullface":"Know2Good"},
			"north":{"uv":	[13.01,5.01,13.99,5.99],"texture":"#block","cullface":"Know2Good"},
			"south":{"uv":	[13.01,5.01,13.99,5.99],"texture":"#block","cullface":"Know2Good"},
			"west":{"uv":	[13.01,5.01,13.99,5.99],"texture":"#block","cullface":"Know2Good"},
			"east":{"uv":	[13.01,5.01,13.99,5.99],"texture":"#block","cullface":"Know2Good"}
		}
	},
	{
		"__comment": "Twig east",
		"from": [12,12,7],
		"to": [13,13,8],
		"faces": {
			"down":{"uv":	[13.01,3.01,13.99,3.99],"texture":"#block","cullface":"Know2Good"},
			"up":{"uv":		[13.01,3.01,13.99,3.99],"texture":"#block","cullface":"Know2Good"},
			"north":{"uv":	[13.01,3.01,13.99,3.99],"texture":"#block","cullface":"Know2Good"},
			"south":{"uv":	[13.01,3.01,13.99,3.99],"texture":"#block","cullface":"Know2Good"},
			"west":{"uv":	[13.01,3.01,13.99,3.99],"texture":"#block","cullface":"Know2Good"},
			"east":{"uv":	[13.01,3.01,13.99,3.99],"texture":"#block","cullface":"Know2Good"}
		}
	},
	{
		"__comment": "Twig south",
		"from": [6,7,9],
		"to": [7,8,11],
		"faces": {
			"down":{"uv":	[5.01,8.01,6.99,8.99],"texture":"#block","cullface":"Know2Good","rotation":90},
			"up":{"uv":		[5.01,8.01,6.99,8.99],"texture":"#block","cullface":"Know2Good","rotation":270},
			"north":{"uv":	[6.01,8.01,6.99,8.99],"texture":"#block","cullface":"Know2Good"},
			"south":{"uv":	[5.01,8.01,5.99,8.99],"texture":"#block","cullface":"Know2Good"},
			"west":{"uv":	[5.01,8.01,6.99,8.99],"texture":"#block","cullface":"Know2Good","rotation":180},
			"east":{"uv":	[5.01,8.01,6.99,8.99],"texture":"#block","cullface":"Know2Good"}
		}
	},
	{
		"__comment": "Twig south",
		"from": [6.5,6,9],
		"to": [7.5,7,10],
		"faces": {
			"down":{"uv":	[6.01,9.01,6.99,9.99],"texture":"#block","cullface":"Know2Good"},
			"up":{"uv":		[6.01,9.01,6.99,9.99],"texture":"#block","cullface":"Know2Good"},
			"north":{"uv":	[6.01,9.01,6.99,9.99],"texture":"#block","cullface":"Know2Good"},
			"south":{"uv":	[6.01,9.01,6.99,9.99],"texture":"#block","cullface":"Know2Good"},
			"west":{"uv":	[6.01,9.01,6.99,9.99],"texture":"#block","cullface":"Know2Good"},
			"east":{"uv":	[6.01,9.01,6.99,9.99],"texture":"#block","cullface":"Know2Good"}
		}
	},
	{
		"__comment": "Twig south",
		"from": [5.5,6,10],
		"to": [6.5,7,15],
		"faces": {
			"down":{"uv":	[1.01,9.01,5.99,9.99],"texture":"#block","cullface":"Know2Good","rotation":90},
			"up":{"uv":		[1.01,9.01,5.99,9.99],"texture":"#block","cullface":"Know2Good","rotation":270},
			"north":{"uv":	[5.01,9.01,5.99,9.99],"texture":"#block","cullface":"Know2Good"},
			"south":{"uv":	[1.01,9.01,1.99,9.99],"texture":"#block","cullface":"Know2Good"},
			"west":{"uv":	[1.01,9.01,5.99,9.99],"texture":"#block","cullface":"Know2Good","rotation":180},
			"east":{"uv":	[1.01,9.01,5.99,9.99],"texture":"#block","cullface":"Know2Good"}
		}
	},
	{
		"__comment": "Twig south",
		"from": [6,5,10],
		"to": [7,6,13],
		"faces": {
			"down":{"uv":	[3.01,10.01,5.99,10.99],"texture":"#block","cullface":"Know2Good","rotation":90},
			"up":{"uv":		[3.01,10.01,5.99,10.99],"texture":"#block","cullface":"Know2Good","rotation":270},
			"north":{"uv":	[5.01,10.01,5.99,10.99],"texture":"#block","cullface":"Know2Good"},
			"south":{"uv":	[3.01,10.01,3.99,10.99],"texture":"#block","cullface":"Know2Good"},
			"west":{"uv":	[3.01,10.01,5.99,10.99],"texture":"#block","cullface":"Know2Good","rotation":180},
			"east":{"uv":	[3.01,10.01,5.99,10.99],"texture":"#block","cullface":"Know2Good"}
		}
	},
	{
		"__comment": "Twig south",
		"from": [5.5,3,11],
		"to": [6.5,5,12],
		"faces": {
			"down":{"uv":	[4.01,12.01,4.99,12.99],"texture":"#block","cullface":"Know2Good"},
			"up":{"uv":		[4.01,11.01,4.99,11.99],"texture":"#block","cullface":"Know2Good"},
			"north":{"uv":	[4.01,11.01,4.99,12.99],"texture":"#block","cullface":"Know2Good"},
			"south":{"uv":	[4.01,11.01,4.99,12.99],"texture":"#block","cullface":"Know2Good"},
			"west":{"uv":	[4.01,11.01,4.99,12.99],"texture":"#block","cullface":"Know2Good"},
			"east":{"uv":	[4.01,11.01,4.99,12.99],"texture":"#block","cullface":"Know2Good"}
		}
	},
	{
		"__comment": "Twig south",
		"from": [6.5,8,9],
		"to": [7.5,9,10],
		"faces": {
			"down":{"uv":	[6.01,7.01,6.99,7.99],"texture":"#block","cullface":"Know2Good"},
			"up":{"uv":		[6.01,7.01,6.99,7.99],"texture":"#block","cullface":"Know2Good"},
			"north":{"uv":	[6.01,7.01,6.99,7.99],"texture":"#block","cullface":"Know2Good"},
			"south":{"uv":	[6.01,7.01,6.99,7.99],"texture":"#block","cullface":"Know2Good"},
			"west":{"uv":	[6.01,7.01,6.99,7.99],"texture":"#block","cullface":"Know2Good"},
			"east":{"uv":	[6.01,7.01,6.99,7.99],"texture":"#block","cullface":"Know2Good"}
		}
	},
	{
		"__comment": "Twig south",
		"from": [6,9,9],
		"to": [7,10,10],
		"faces": {
			"down":{"uv":	[6.01,6.01,6.99,6.99],"texture":"#block","cullface":"Know2Good"},
			"up":{"uv":		[6.01,6.01,6.99,6.99],"texture":"#block","cullface":"Know2Good"},
			"north":{"uv":	[6.01,6.01,6.99,6.99],"texture":"#block","cullface":"Know2Good"},
			"south":{"uv":	[6.01,6.01,6.99,6.99],"texture":"#block","cullface":"Know2Good"},
			"west":{"uv":	[6.01,6.01,6.99,6.99],"texture":"#block","cullface":"Know2Good"},
			"east":{"uv":	[6.01,6.01,6.99,6.99],"texture":"#block","cullface":"Know2Good"}
		}
	},
	{
		"__comment": "Twig south",
		"from": [7,9,10],
		"to": [8,10,11],
		"faces": {
			"down":{"uv":	[5.01,6.01,5.99,6.99],"texture":"#block","cullface":"Know2Good"},
			"up":{"uv":		[5.01,6.01,5.99,6.99],"texture":"#block","cullface":"Know2Good"},
			"north":{"uv":	[5.01,6.01,5.99,6.99],"texture":"#block","cullface":"Know2Good"},
			"south":{"uv":	[5.01,6.01,5.99,6.99],"texture":"#block","cullface":"Know2Good"},
			"west":{"uv":	[5.01,6.01,5.99,6.99],"texture":"#block","cullface":"Know2Good"},
			"east":{"uv":	[5.01,6.01,5.99,6.99],"texture":"#block","cullface":"Know2Good"}
		}
	},
	{
		"__comment": "Twig south",
		"from": [6.5,10,10],
		"to": [7.5,11,11],
		"faces": {
			"down":{"uv":	[5.01,5.01,5.99,5.99],"texture":"#block","cullface":"Know2Good"},
			"up":{"uv":		[5.01,5.01,5.99,5.99],"texture":"#block","cullface":"Know2Good"},
			"north":{"uv":	[5.01,5.01,5.99,5.99],"texture":"#block","cullface":"Know2Good"},
			"south":{"uv":	[5.01,5.01,5.99,5.99],"texture":"#block","cullface":"Know2Good"},
			"west":{"uv":	[5.01,5.01,5.99,5.99],"texture":"#block","cullface":"Know2Good"},
			"east":{"uv":	[5.01,5.01,5.99,5.99],"texture":"#block","cullface":"Know2Good"}
		}
	},
	{
		"__comment": "Twig south",
		"from": [7.5,10,11],
		"to": [8.5,11,12],
		"faces": {
			"down":{"uv":	[4.01,5.01,4.99,5.99],"texture":"#block","cullface":"Know2Good"},
			"up":{"uv":		[4.01,5.01,4.99,5.99],"texture":"#block","cullface":"Know2Good"},
			"north":{"uv":	[4.01,5.01,4.99,5.99],"texture":"#block","cullface":"Know2Good"},
			"south":{"uv":	[4.01,5.01,4.99,5.99],"texture":"#block","cullface":"Know2Good"},
			"west":{"uv":	[4.01,5.01,4.99,5.99],"texture":"#block","cullface":"Know2Good"},
			"east":{"uv":	[4.01,5.01,4.99,5.99],"texture":"#block","cullface":"Know2Good"}
		}
	},
	{
		"__comment": "Twig south",
		"from": [7,11,11],
		"to": [8,12,13],
		"faces": {
			"down":{"uv":	[3.01,4.01,4.99,4.99],"texture":"#block","cullface":"Know2Good","rotation":90},
			"up":{"uv":		[3.01,4.01,4.99,4.99],"texture":"#block","cullface":"Know2Good","rotation":270},
			"north":{"uv":	[4.01,4.01,4.99,4.99],"texture":"#block","cullface":"Know2Good"},
			"south":{"uv":	[3.01,4.01,3.99,4.99],"texture":"#block","cullface":"Know2Good"},
			"west":{"uv":	[3.01,4.01,4.99,4.99],"texture":"#block","cullface":"Know2Good","rotation":180},
			"east":{"uv":	[3.01,4.01,4.99,4.99],"texture":"#block","cullface":"Know2Good"}
		}
	},
	{
		"__comment": "Twig west",
		"from": [4,7,8],
		"to": [6,8,9],
		"faces": {
			"down":{"uv":	[5.01,8.01,6.99,8.99],"texture":"#block","cullface":"Know2Good"},
			"up":{"uv":		[5.01,8.01,6.99,8.99],"texture":"#block","cullface":"Know2Good"},
			"north":{"uv":	[5.01,8.01,6.99,8.99],"texture":"#block","cullface":"Know2Good","rotation":180},
			"south":{"uv":	[5.01,8.01,6.99,8.99],"texture":"#block","cullface":"Know2Good"},
			"west":{"uv":	[5.01,8.01,5.99,8.99],"texture":"#block","cullface":"Know2Good"},
			"east":{"uv":	[6.01,8.01,6.99,8.99],"texture":"#block","cullface":"Know2Good"}
		}
	},
	{
		"__comment": "Twig west",
		"from": [5,6,8.5],
		"to": [6,7,8.5],
		"faces": {
			"down":{"uv":	[6.01,9.01,6.99,9.99],"texture":"#block","cullface":"Know2Good"},
			"up":{"uv":		[6.01,9.01,6.99,9.99],"texture":"#block","cullface":"Know2Good"},
			"north":{"uv":	[6.01,9.01,6.99,9.99],"texture":"#block","cullface":"Know2Good"},
			"south":{"uv":	[6.01,9.01,6.99,9.99],"texture":"#block","cullface":"Know2Good"},
			"west":{"uv":	[6.01,9.01,6.99,9.99],"texture":"#block","cullface":"Know2Good"},
			"east":{"uv":	[6.01,9.01,6.99,9.99],"texture":"#block","cullface":"Know2Good"}
		}
	},
	{
		"__comment": "Twig west",
		"from": [0,6,7.5],
		"to": [5,7,8.5],
		"faces": {
			"down":{"uv":	[1.01,9.01,5.99,9.99],"texture":"#block","cullface":"Know2Good"},
			"up":{"uv":		[1.01,9.01,5.99,9.99],"texture":"#block","cullface":"Know2Good"},
			"north":{"uv":	[1.01,9.01,5.99,9.99],"texture":"#block","cullface":"Know2Good","rotation":180},
			"south":{"uv":	[1.01,9.01,5.99,9.99],"texture":"#block","cullface":"Know2Good"},
			"west":{"uv":	[1.01,9.01,1.99,9.99],"texture":"#block","cullface":"Know2Good"},
			"east":{"uv":	[5.01,9.01,5.99,9.99],"texture":"#block","cullface":"Know2Good"}
		}
	},
	{
		"__comment": "Twig west",
		"from": [2,5,8],
		"to": [5,6,9],
		"faces": {
			"down":{"uv":	[3.01,10.01,5.99,10.99],"texture":"#block","cullface":"Know2Good"},
			"up":{"uv":		[3.01,10.01,5.99,10.99],"texture":"#block","cullface":"Know2Good"},
			"north":{"uv":	[3.01,10.01,5.99,10.99],"texture":"#block","cullface":"Know2Good","rotation":180},
			"south":{"uv":	[3.01,10.01,5.99,10.99],"texture":"#block","cullface":"Know2Good"},
			"west":{"uv":	[3.01,10.01,3.99,10.99],"texture":"#block","cullface":"Know2Good"},
			"east":{"uv":	[5.01,10.01,5.99,10.99],"texture":"#block","cullface":"Know2Good"}
		}
	},
	{
		"__comment": "Twig west",
		"from": [3,3,7.5],
		"to": [4,5,8.5],
		"faces": {
			"down":{"uv":	[4.01,12.01,4.99,12.99],"texture":"#block","cullface":"Know2Good"},
			"up":{"uv":		[4.01,11.01,4.99,11.99],"texture":"#block","cullface":"Know2Good"},
			"north":{"uv":	[4.01,11.01,4.99,12.99],"texture":"#block","cullface":"Know2Good"},
			"south":{"uv":	[4.01,11.01,4.99,12.99],"texture":"#block","cullface":"Know2Good"},
			"west":{"uv":	[4.01,11.01,4.99,12.99],"texture":"#block","cullface":"Know2Good"},
			"east":{"uv":	[4.01,11.01,4.99,12.99],"texture":"#block","cullface":"Know2Good"}
		}
	},
	{
		"__comment": "Twig west",
		"from": [5,8,8.5],
		"to": [6,9,9.5],
		"faces": {
			"down":{"uv":	[6.01,7.01,6.99,7.99],"texture":"#block","cullface":"Know2Good"},
			"up":{"uv":		[6.01,7.01,6.99,7.99],"texture":"#block","cullface":"Know2Good"},
			"north":{"uv":	[6.01,7.01,6.99,7.99],"texture":"#block","cullface":"Know2Good"},
			"south":{"uv":	[6.01,7.01,6.99,7.99],"texture":"#block","cullface":"Know2Good"},
			"west":{"uv":	[6.01,7.01,6.99,7.99],"texture":"#block","cullface":"Know2Good"},
			"east":{"uv":	[6.01,7.01,6.99,7.99],"texture":"#block","cullface":"Know2Good"}
		}
	},
	{
		"__comment": "Twig west",
		"from": [5,9,8],
		"to": [6,10,9],
		"faces": {
			"down":{"uv":	[6.01,6.01,6.99,6.99],"texture":"#block","cullface":"Know2Good"},
			"up":{"uv":		[6.01,6.01,6.99,6.99],"texture":"#block","cullface":"Know2Good"},
			"north":{"uv":	[6.01,6.01,6.99,6.99],"texture":"#block","cullface":"Know2Good"},
			"south":{"uv":	[6.01,6.01,6.99,6.99],"texture":"#block","cullface":"Know2Good"},
			"west":{"uv":	[6.01,6.01,6.99,6.99],"texture":"#block","cullface":"Know2Good"},
			"east":{"uv":	[6.01,6.01,6.99,6.99],"texture":"#block","cullface":"Know2Good"}
		}
	},
	{
		"__comment": "Twig west",
		"from": [4,9,9],
		"to": [5,10,10],
		"faces": {
			"down":{"uv":	[5.01,6.01,5.99,6.99],"texture":"#block","cullface":"Know2Good"},
			"up":{"uv":		[5.01,6.01,5.99,6.99],"texture":"#block","cullface":"Know2Good"},
			"north":{"uv":	[5.01,6.01,5.99,6.99],"texture":"#block","cullface":"Know2Good"},
			"south":{"uv":	[5.01,6.01,5.99,6.99],"texture":"#block","cullface":"Know2Good"},
			"west":{"uv":	[5.01,6.01,5.99,6.99],"texture":"#block","cullface":"Know2Good"},
			"east":{"uv":	[5.01,6.01,5.99,6.99],"texture":"#block","cullface":"Know2Good"}
		}
	},
	{
		"__comment": "Twig west",
		"from": [4,10,8.5],
		"to": [5,11,9.5],
		"faces": {
			"down":{"uv":	[5.01,5.01,5.99,5.99],"texture":"#block","cullface":"Know2Good"},
			"up":{"uv":		[5.01,5.01,5.99,5.99],"texture":"#block","cullface":"Know2Good"},
			"north":{"uv":	[5.01,5.01,5.99,5.99],"texture":"#block","cullface":"Know2Good"},
			"south":{"uv":	[5.01,5.01,5.99,5.99],"texture":"#block","cullface":"Know2Good"},
			"west":{"uv":	[5.01,5.01,5.99,5.99],"texture":"#block","cullface":"Know2Good"},
			"east":{"uv":	[5.01,5.01,5.99,5.99],"texture":"#block","cullface":"Know2Good"}
		}
	},
	{
		"__comment": "Twig west",
		"from": [3,10,9.5],
		"to": [4,11,10.5],
		"faces": {
			"down":{"uv":	[4.01,5.01,4.99,5.99],"texture":"#block","cullface":"Know2Good"},
			"up":{"uv":		[4.01,5.01,4.99,5.99],"texture":"#block","cullface":"Know2Good"},
			"north":{"uv":	[4.01,5.01,4.99,5.99],"texture":"#block","cullface":"Know2Good"},
			"south":{"uv":	[4.01,5.01,4.99,5.99],"texture":"#block","cullface":"Know2Good"},
			"west":{"uv":	[4.01,5.01,4.99,5.99],"texture":"#block","cullface":"Know2Good"},
			"east":{"uv":	[4.01,5.01,4.99,5.99],"texture":"#block","cullface":"Know2Good"}
		}
	},
	{
		"__comment": "Twig west",
		"from": [2,11,9],
		"to": [4,12,10],
		"faces": {
			"down":{"uv":	[3.01,4.01,4.99,4.99],"texture":"#block","cullface":"Know2Good"},
			"up":{"uv":		[3.01,4.01,4.99,4.99],"texture":"#block","cullface":"Know2Good"},
			"north":{"uv":	[3.01,4.01,4.99,4.99],"texture":"#block","cullface":"Know2Good","rotation":180},
			"south":{"uv":	[3.01,4.01,4.99,4.99],"texture":"#block","cullface":"Know2Good"},
			"west":{"uv":	[3.01,4.01,3.99,4.99],"texture":"#block","cullface":"Know2Good"},
			"east":{"uv":	[4.01,4.01,4.99,4.99],"texture":"#block","cullface":"Know2Good"}
            }
        }
    ]
}