{
"__comment":"Made by Know2Good, part of the 'Default 3D™' resource pack || Official download page: http://www.planetminecraft.com/texture_pack/default-3d-2985741/ || © Know2Good. All rights reserved. ",

"textures": {
	"main": 	"Know2Good/blocks/dirt/dirt_alt5/dirt",
	"north": 	"Know2Good/blocks/dirt/dirt_alt5/dirt_north",
	"east": 	"Know2Good/blocks/dirt/dirt_alt5/dirt_east",
	"south": 	"Know2Good/blocks/dirt/dirt_alt5/dirt_south",
	"west": 	"Know2Good/blocks/dirt/dirt_alt5/dirt_west",
	"particle": "Know2Good/blocks/dirt/dirt_alt5/dirt"
},
"elements": [ 
	{
		"__comment": "Block",
		"from": [0,0,0],
		"to": [16,16,16],
		"faces": {
			"down":{"uv":	[0,0,16,16],"texture":"#main","cullface":"down"},
			"up":{"uv":		[0,0,16,16],"texture":"#main","cullface":"up"},
			"north":{"uv":	[0,0,16,16],"texture":"#north","cullface":"north"},
			"south":{"uv":	[0,0,16,16],"texture":"#south","cullface":"south"},
			"west":{"uv":	[0,0,16,16],"texture":"#west","cullface":"west"},
			"east":{"uv":	[0,0,16,16],"texture":"#east","cullface":"east"}
            }
        }
    ]
}