{
"__comment":"Made by Know2Good, part of the 'Default 3D™' resource pack || Official download page: http://www.planetminecraft.com/texture_pack/default-3d-2985741/ || © Know2Good. All rights reserved. ",

"textures": {
	"block": 	"blocks/end_stone",
	"stone": 	"blocks/obsidian",
	"particle": "blocks/end_stone"
},
"elements": [ 
	{
		"__comment":"Block",
		"from": [0,0,0],
		"to": [16,16,16],
		"faces": {
			"down":{"uv":	[0,0,16,16],"texture":"#block","cullface":"down"},
			"up":{"uv":		[0,0,16,16],"texture":"#block","cullface":"up"},
			"north":{"uv":	[0,0,16,16],"texture":"#block","cullface":"north"},
			"south":{"uv":	[0,0,16,16],"texture":"#block","cullface":"south"},
			"west":{"uv":	[0,0,16,16],"texture":"#block","cullface":"west"},
			"east":{"uv":	[0,0,16,16],"texture":"#block","cullface":"east"}
		}
	},
	{
		"__comment": "Stone 1",
		"from": [6,16,12],
		"to": [10,17,15],
		"shade": false,
		"faces": {
			"up":{"uv":		[6.01,12.01,9.99,14.99],"texture":"#stone","cullface":"up"},
			"north":{"uv":	[6.01,12.01,9.99,12.99],"texture":"#stone","cullface":"up","rotation":180},
			"south":{"uv":	[6.01,14.01,9.99,14.99],"texture":"#stone","cullface":"up"},
			"west":{"uv":	[6.01,12.01,6.99,14.99],"texture":"#stone","cullface":"up","rotation":270},
			"east":{"uv":	[9.01,12.01,9.99,14.99],"texture":"#stone","cullface":"up","rotation":90}
		}
	},
	{
		"__comment": "Stone 2",
		"from": [7.99,17,11.99],
		"to": [10.01,18,14.01],
		"shade": false,
		"faces": {
			"up":{"uv":		[8.01,12.01,10.99,14.99],"texture":"#stone","cullface":"up"},
			"north":{"uv":	[8.01,12.01,10.99,12.99],"texture":"#stone","cullface":"up","rotation":180},
			"south":{"uv":	[8.01,14.01,10.99,14.99],"texture":"#stone","cullface":"up"},
			"west":{"uv":	[8.01,12.01,8.99,14.99],"texture":"#stone","cullface":"up","rotation":270},
			"east":{"uv":	[10.01,12.01,10.99,14.99],"texture":"#stone","cullface":"up","rotation":90}
		}
	},
	{
		"__comment": "Stone 3",
		"from": [9,16,11],
		"to": [11,17,13],
		"shade": false,
		"faces": {
			"up":{"uv":		[9.01,11.01,10.99,12.99],"texture":"#stone","cullface":"up"},
			"north":{"uv":	[9.01,11.01,10.99,11.99],"texture":"#stone","cullface":"up","rotation":180},
			"south":{"uv":	[9.01,12.01,10.99,12.99],"texture":"#stone","cullface":"up"},
			"west":{"uv":	[9.01,11.01,9.99,12.99],"texture":"#stone","cullface":"up","rotation":270},
			"east":{"uv":	[10.01,11.01,10.99,12.99],"texture":"#stone","cullface":"up","rotation":90}
		}
	},
	{
		"__comment": "Stone 4",
		"from": [2,16,1],
		"to": [4,17,3],
		"shade": false,
		"faces": {
			"up":{"uv":		[2.01,1.01,3.99,2.99],"texture":"#stone","cullface":"up"},
			"north":{"uv":	[2.01,1.01,3.99,1.99],"texture":"#stone","cullface":"up","rotation":180},
			"south":{"uv":	[2.01,2.01,3.99,2.99],"texture":"#stone","cullface":"up"},
			"west":{"uv":	[2.01,1.01,2.99,2.99],"texture":"#stone","cullface":"up","rotation":270},
			"east":{"uv":	[3.01,1.01,3.99,2.99],"texture":"#stone","cullface":"up","rotation":90}
		}
	},
	{
		"__comment": "Stone 5",
		"from": [2,16,3],
		"to": [3,17,4],
		"shade": false,
		"faces": {
			"up":{"uv":		[2.01,3.01,2.99,3.99],"texture":"#stone","cullface":"up"},
			"south":{"uv":	[2.01,3.01,2.99,3.99],"texture":"#stone","cullface":"up"},
			"east":{"uv":	[2.01,3.01,2.99,3.99],"texture":"#stone","cullface":"up"}
		}
	},
	{
		"__comment": "Stone 5",
		"from": [1,16,2],
		"to": [2,17,4],
		"shade": false,
		"faces": {
			"up":{"uv":		[1.01,2.01,1.99,3.99],"texture":"#stone","cullface":"up"},
			"north":{"uv":	[1.01,2.01,1.99,2.99],"texture":"#stone","cullface":"up"},
			"south":{"uv":	[1.01,3.01,1.99,3.99],"texture":"#stone","cullface":"up"},
			"west":{"uv":	[1.01,2.01,1.99,3.99],"texture":"#stone","cullface":"up","rotation":270}
		}
	},
	{
		"__comment": "Stone 6",
		"from": [13,16,5],
		"to": [14,17,6],
		"shade": false,
		"faces": {
			"up":{"uv":		[13.01,5.01,13.99,5.99],"texture":"#stone","cullface":"up"},
			"north":{"uv":	[13.01,5.01,13.99,5.99],"texture":"#stone","cullface":"up"},
			"south":{"uv":	[13.01,5.01,13.99,5.99],"texture":"#stone","cullface":"up"},
			"west":{"uv":	[13.01,5.01,13.99,5.99],"texture":"#stone","cullface":"up"},
			"east":{"uv":	[13.01,5.01,13.99,5.99],"texture":"#stone","cullface":"up"}
            }
        }
    ]
}