{
"__comment":"Made by Know2Good, part of the 'Default 3D™' resource pack || Official download page: http://www.planetminecraft.com/texture_pack/default-3d-2985741/ || © Know2Good. All rights reserved. ",
"ambientocclusion": false,

"textures": {
	"block": 	"custom/fern_4",
	"particle":	"custom/fern_4"
},
"elements":[
	{
		"__comment":"Cross",
		"from":[0,0,8],
		"to":[16,16,8],
		"rotation": {"origin": [ 8, 8, 8 ], "axis": "y", "angle": 45, "rescale": true  },
		"shade": false,
		"faces": {
			"north":{"uv": 	[0,0,16,16], "texture": "#block","cullface":"Know2Good", "tintindex": 0 },
            "south":{"uv": 	[0,0,16,16], "texture": "#block","cullface":"Know2Good", "tintindex": 0 }
		}
	},
	{
		"__comment":"Cross",
		"from":[8,0,0],
		"to":[8,16,16],
		"rotation": {"origin": [ 8, 8, 8 ], "axis": "y", "angle": 45, "rescale": true  },
		"shade": false,
		"faces": {
			"west":{"uv": 	[0,0,16,16], "texture": "#block","cullface":"Know2Good", "tintindex": 0 },
            "east":{"uv": 	[0,0,16,16], "texture": "#block","cullface":"Know2Good", "tintindex": 0 }
            }
        }
    ]
}